{"info":{"year":"2025","version":"1","description":"Exported from roboflow.com","contributor":"","url":"https://public.roboflow.com/object-detection/undefined","date_created":"2025-10-24T13:50:11+00:00"},"licenses":[{"id":1,"url":"https://creativecommons.org/licenses/by/4.0/","name":"CC BY 4.0"}],"categories":[{"id":0,"name":"cable-damage","supercategory":"none"},{"id":1,"name":"break","supercategory":"cable-damage"},{"id":2,"name":"thunderbolt","supercategory":"cable-damage"}],"images":[{"id":0,"license":1,"file_name":"bandicam-2022-05-31-00-57-58-083_mp4-61_jpg.rf.65bf0e520b455fab30153a59b4f6ac9a.jpg","height":480,"width":632,"date_captured":"2025-10-24T13:50:11+00:00","extra":{"name":"bandicam-2022-05-31-00-57-58-083_mp4-61.jpg"}},{"id":1,"license":1,"file_name":"bandicam-2022-05-31-00-57-58-083_mp4-30_jpg.rf.ebb7e5d34c5f67c5383505b44b3b3795.jpg","height":480,"width":632,"date_captured":"2025-10-24T13:50:11+00:00","extra":{"name":"bandicam-2022-05-31-00-57-58-083_mp4-30.jpg"}},{"id":2,"license":1,"file_name":"bandicam-2022-05-31-00-59-19-612_mp4-86_jpg.rf.036ec0652d8fdcf6c26016f12f8642eb.jpg","height":480,"width":632,"date_captured":"2025-10-24T13:50:11+00:00","extra":{"name":"bandicam-2022-05-31-00-59-19-612_mp4-86.jpg"}},{"id":3,"license":1,"file_name":"IMG_6262_MOV-40_jpg.rf.bbc381d806ef0b6039136f07f6451313.jpg","height":1080,"width":1920,"date_captured":"2025-10-24T13:50:11+00:00","extra":{"name":"IMG_6262_MOV-40.jpg"}},{"id":4,"license":1,"file_name":"bandicam-2022-05-31-00-54-02-951_mp4-33_jpg.rf.fb89d3025178e02cfba00c008b355248.jpg","height":480,"width":632,"date_captured":"2025-10-24T13:50:11+00:00","extra":{"name":"bandicam-2022-05-31-00-54-02-951_mp4-33.jpg"}},{"id":5,"license":1,"file_name":"IMG_6259_MOV-4_jpg.rf.e266ebe3fc9d5d154d6c50a5742a9e4d.jpg","height":1080,"width":1920,"date_captured":"2025-10-24T13:50:11+00:00","extra":{"name":"IMG_6259_MOV-4.jpg"}},{"id":6,"license":1,"file_name":"bandicam-2022-05-31-00-57-58-083_mp4-80_jpg.rf.1eb5139531395d93d8a91118f6d1347d.jpg","height":480,"width":632,"date_captured":"2025-10-24T13:50:11+00:00","extra":{"name":"bandicam-2022-05-31-00-57-58-083_mp4-80.jpg"}},{"id":7,"license":1,"file_name":"IMG_6259_MOV-51_jpg.rf.3fd7d247fc9534d88a66ec7a34f0e7a5.jpg","height":1080,"width":1920,"date_captured":"2025-10-24T13:50:11+00:00","extra":{"name":"IMG_6259_MOV-51.jpg"}},{"id":8,"license":1,"file_name":"IMG_6259_MOV-71_jpg.rf.a3bcc1861bc44e8eabd1519dc474057d.jpg","height":1080,"width":1920,"date_captured":"2025-10-24T13:50:11+00:00","extra":{"name":"IMG_6259_MOV-71.jpg"}},{"id":9,"license":1,"file_name":"bandicam-2022-05-31-01-00-01-863_mp4-84_jpg.rf.5af0bab68f4e5419e6a8fdd2b7a84992.jpg","height":480,"width":632,"date_captured":"2025-10-24T13:50:11+00:00","extra":{"name":"bandicam-2022-05-31-01-00-01-863_mp4-84.jpg"}},{"id":10,"license":1,"file_name":"bandicam-2022-05-31-01-00-01-863_mp4-67_jpg.rf.2c0912e2c9f4f2642a2f202151898f93.jpg","height":480,"width":632,"date_captured":"2025-10-24T13:50:11+00:00","extra":{"name":"bandicam-2022-05-31-01-00-01-863_mp4-67.jpg"}},{"id":11,"license":1,"file_name":"IMG_6262_MOV-43_jpg.rf.330f816c72c2a18146db66b2a6ed7eb7.jpg","height":1080,"width":1920,"date_captured":"2025-10-24T13:50:11+00:00","extra":{"name":"IMG_6262_MOV-43.jpg"}},{"id":12,"license":1,"file_name":"bandicam-2022-05-31-00-57-58-083_mp4-85_jpg.rf.c0474d7c9e9b9b8022ef1a52ec7480c4.jpg","height":480,"width":632,"date_captured":"2025-10-24T13:50:11+00:00","extra":{"name":"bandicam-2022-05-31-00-57-58-083_mp4-85.jpg"}},{"id":13,"license":1,"file_name":"bandicam-2022-05-31-00-59-19-612_mp4-56_jpg.rf.fbb8c7588ce39219fb212611c7fcc86b.jpg","height":480,"width":632,"date_captured":"2025-10-24T13:50:11+00:00","extra":{"name":"bandicam-2022-05-31-00-59-19-612_mp4-56.jpg"}},{"id":14,"license":1,"file_name":"bandicam-2022-05-31-00-59-19-612_mp4-82_jpg.rf.8568a9b3f2b584ca22d8c45fb1932e35.jpg","height":480,"width":632,"date_captured":"2025-10-24T13:50:11+00:00","extra":{"name":"bandicam-2022-05-31-00-59-19-612_mp4-82.jpg"}},{"id":15,"license":1,"file_name":"bandicam-2022-05-31-01-00-01-863_mp4-86_jpg.rf.68fbd0046b93a15311a7e786b0fc3f20.jpg","height":480,"width":632,"date_captured":"2025-10-24T13:50:11+00:00","extra":{"name":"bandicam-2022-05-31-01-00-01-863_mp4-86.jpg"}},{"id":16,"license":1,"file_name":"bandicam-2022-05-31-00-59-19-612_mp4-55_jpg.rf.a459bc2861f4d4f5e1fc31d345c76467.jpg","height":480,"width":632,"date_captured":"2025-10-24T13:50:11+00:00","extra":{"name":"bandicam-2022-05-31-00-59-19-612_mp4-55.jpg"}},{"id":17,"license":1,"file_name":"17_png_jpg.rf.44ec18b4b42e13cc6fd3faac215fa05c.jpg","height":2624,"width":2624,"date_captured":"2025-10-24T13:50:11+00:00","extra":{"name":"17_png.jpg"}},{"id":18,"license":1,"file_name":"bandicam-2022-05-31-00-59-19-612_mp4-71_jpg.rf.fe9bdf9a4b7dec653abcba1b77a6986b.jpg","height":480,"width":632,"date_captured":"2025-10-24T13:50:11+00:00","extra":{"name":"bandicam-2022-05-31-00-59-19-612_mp4-71.jpg"}},{"id":19,"license":1,"file_name":"bandicam-2022-05-31-00-59-19-612_mp4-69_jpg.rf.1bfad1218e111f8243ab9a1b8575d68a.jpg","height":480,"width":632,"date_captured":"2025-10-24T13:50:11+00:00","extra":{"name":"bandicam-2022-05-31-00-59-19-612_mp4-69.jpg"}},{"id":20,"license":1,"file_name":"bandicam-2022-05-31-00-59-19-612_mp4-77_jpg.rf.67dca4ad7a95de486aaa28277527a3af.jpg","height":480,"width":632,"date_captured":"2025-10-24T13:50:11+00:00","extra":{"name":"bandicam-2022-05-31-00-59-19-612_mp4-77.jpg"}},{"id":21,"license":1,"file_name":"IMG_6259_MOV-75_jpg.rf.5fc554a6d0788168a71c3c76a9ea5269.jpg","height":1080,"width":1920,"date_captured":"2025-10-24T13:50:11+00:00","extra":{"name":"IMG_6259_MOV-75.jpg"}},{"id":22,"license":1,"file_name":"IMG_6262_MOV-28_jpg.rf.20974309e50f07c76b02d3d59f127027.jpg","height":1080,"width":1920,"date_captured":"2025-10-24T13:50:11+00:00","extra":{"name":"IMG_6262_MOV-28.jpg"}},{"id":23,"license":1,"file_name":"bandicam-2022-05-31-00-59-19-612_mp4-89_jpg.rf.06feb55b3da462b795094fe65ba41663.jpg","height":480,"width":632,"date_captured":"2025-10-24T13:50:11+00:00","extra":{"name":"bandicam-2022-05-31-00-59-19-612_mp4-89.jpg"}},{"id":24,"license":1,"file_name":"bandicam-2022-05-31-00-54-02-951_mp4-21_jpg.rf.93e0b27717dd1e3a1d71f6d0d62a6d9d.jpg","height":480,"width":632,"date_captured":"2025-10-24T13:50:11+00:00","extra":{"name":"bandicam-2022-05-31-00-54-02-951_mp4-21.jpg"}},{"id":25,"license":1,"file_name":"bandicam-2022-05-31-00-59-19-612_mp4-76_jpg.rf.6b835fb5aa4752ba9296daf8feae333e.jpg","height":480,"width":632,"date_captured":"2025-10-24T13:50:11+00:00","extra":{"name":"bandicam-2022-05-31-00-59-19-612_mp4-76.jpg"}},{"id":26,"license":1,"file_name":"IMG_6262_MOV-60_jpg.rf.b4815193c602ca6d1dfa8b89405e3d67.jpg","height":1080,"width":1920,"date_captured":"2025-10-24T13:50:11+00:00","extra":{"name":"IMG_6262_MOV-60.jpg"}},{"id":27,"license":1,"file_name":"bandicam-2022-05-31-01-00-01-863_mp4-87_jpg.rf.cd944c2c375d0f95449a11843d21c03b.jpg","height":480,"width":632,"date_captured":"2025-10-24T13:50:11+00:00","extra":{"name":"bandicam-2022-05-31-01-00-01-863_mp4-87.jpg"}},{"id":28,"license":1,"file_name":"bandicam-2022-05-31-00-59-19-612_mp4-75_jpg.rf.3d0480f9dd57f2f2673386435fed9cd8.jpg","height":480,"width":632,"date_captured":"2025-10-24T13:50:11+00:00","extra":{"name":"bandicam-2022-05-31-00-59-19-612_mp4-75.jpg"}},{"id":29,"license":1,"file_name":"bandicam-2022-05-31-00-57-58-083_mp4-68_jpg.rf.b7aa2ab4da9cef4e1fc82fd385f4bf2b.jpg","height":480,"width":632,"date_captured":"2025-10-24T13:50:11+00:00","extra":{"name":"bandicam-2022-05-31-00-57-58-083_mp4-68.jpg"}},{"id":30,"license":1,"file_name":"IMG_6277_MOV-26_jpg.rf.1651f19b850bfdca3ad5c623604d66c4.jpg","height":1080,"width":1920,"date_captured":"2025-10-24T13:50:11+00:00","extra":{"name":"IMG_6277_MOV-26.jpg"}},{"id":31,"license":1,"file_name":"bandicam-2022-05-31-00-57-58-083_mp4-19_jpg.rf.b2b0e596047603b363c4241caab76a2f.jpg","height":480,"width":632,"date_captured":"2025-10-24T13:50:11+00:00","extra":{"name":"bandicam-2022-05-31-00-57-58-083_mp4-19.jpg"}},{"id":32,"license":1,"file_name":"IMG_6277_MOV-16_jpg.rf.791cb50366a5b2abe922b00eb8e1c8d9.jpg","height":1080,"width":1920,"date_captured":"2025-10-24T13:50:11+00:00","extra":{"name":"IMG_6277_MOV-16.jpg"}},{"id":33,"license":1,"file_name":"bandicam-2022-05-31-00-48-19-946_mp4-73_jpg.rf.11ae426d7e6084a2fc0a468fdd73bd85.jpg","height":480,"width":632,"date_captured":"2025-10-24T13:50:11+00:00","extra":{"name":"bandicam-2022-05-31-00-48-19-946_mp4-73.jpg"}},{"id":34,"license":1,"file_name":"bandicam-2022-05-31-00-59-19-612_mp4-79_jpg.rf.47047fae2597805b9143c8b8ceff4a73.jpg","height":480,"width":632,"date_captured":"2025-10-24T13:50:11+00:00","extra":{"name":"bandicam-2022-05-31-00-59-19-612_mp4-79.jpg"}},{"id":35,"license":1,"file_name":"IMG_6277_MOV-31_jpg.rf.38671e5c7839175e49dee0dfe5f9d5aa.jpg","height":1080,"width":1920,"date_captured":"2025-10-24T13:50:11+00:00","extra":{"name":"IMG_6277_MOV-31.jpg"}},{"id":36,"license":1,"file_name":"bandicam-2022-05-31-00-48-19-946_mp4-81_jpg.rf.806538ed122bd0a81c46894bb457984b.jpg","height":480,"width":632,"date_captured":"2025-10-24T13:50:11+00:00","extra":{"name":"bandicam-2022-05-31-00-48-19-946_mp4-81.jpg"}},{"id":37,"license":1,"file_name":"bandicam-2022-05-31-00-48-19-946_mp4-74_jpg.rf.3a20ddff21a668d9ccaf26190f656a1b.jpg","height":480,"width":632,"date_captured":"2025-10-24T13:50:11+00:00","extra":{"name":"bandicam-2022-05-31-00-48-19-946_mp4-74.jpg"}},{"id":38,"license":1,"file_name":"bandicam-2022-05-31-00-54-02-951_mp4-28_jpg.rf.6ae204f5693aa3d4a5f2ad87c20510ff.jpg","height":480,"width":632,"date_captured":"2025-10-24T13:50:11+00:00","extra":{"name":"bandicam-2022-05-31-00-54-02-951_mp4-28.jpg"}},{"id":39,"license":1,"file_name":"IMG_6277_MOV-15_jpg.rf.18eac270164739d80b3c88f9f3f7c57b.jpg","height":1080,"width":1920,"date_captured":"2025-10-24T13:50:11+00:00","extra":{"name":"IMG_6277_MOV-15.jpg"}},{"id":40,"license":1,"file_name":"IMG_6277_MOV-32_jpg.rf.dfe6528a008911053f2ee24fa5f7c88c.jpg","height":1080,"width":1920,"date_captured":"2025-10-24T13:50:11+00:00","extra":{"name":"IMG_6277_MOV-32.jpg"}},{"id":41,"license":1,"file_name":"IMG_6277_MOV-10_jpg.rf.4357c8ad9582d00f6fb32290360e8103.jpg","height":1080,"width":1920,"date_captured":"2025-10-24T13:50:11+00:00","extra":{"name":"IMG_6277_MOV-10.jpg"}},{"id":42,"license":1,"file_name":"bandicam-2022-05-31-00-48-19-946_mp4-76_jpg.rf.8a80d9196fcbb76345fe5ba37dcd5304.jpg","height":480,"width":632,"date_captured":"2025-10-24T13:50:11+00:00","extra":{"name":"bandicam-2022-05-31-00-48-19-946_mp4-76.jpg"}},{"id":43,"license":1,"file_name":"bandicam-2022-05-31-00-48-19-946_mp4-86_jpg.rf.c2a50544ca9dcc0c1b8ef9618c448a13.jpg","height":480,"width":632,"date_captured":"2025-10-24T13:50:11+00:00","extra":{"name":"bandicam-2022-05-31-00-48-19-946_mp4-86.jpg"}},{"id":44,"license":1,"file_name":"bandicam-2022-05-31-00-48-19-946_mp4-85_jpg.rf.6a28881baa46dee4c1e9935985670214.jpg","height":480,"width":632,"date_captured":"2025-10-24T13:50:11+00:00","extra":{"name":"bandicam-2022-05-31-00-48-19-946_mp4-85.jpg"}},{"id":45,"license":1,"file_name":"IMG_6260_MOV-32_jpg.rf.479284e6e3ee0e3e71fe336db1c2189d.jpg","height":1080,"width":1920,"date_captured":"2025-10-24T13:50:11+00:00","extra":{"name":"IMG_6260_MOV-32.jpg"}},{"id":46,"license":1,"file_name":"bandicam-2022-05-31-00-48-19-946_mp4-64_jpg.rf.d9c35208d788cced82bd3ad561710fa7.jpg","height":480,"width":632,"date_captured":"2025-10-24T13:50:11+00:00","extra":{"name":"bandicam-2022-05-31-00-48-19-946_mp4-64.jpg"}},{"id":47,"license":1,"file_name":"bandicam-2022-05-31-00-48-19-946_mp4-63_jpg.rf.a876a85a55cc926ee29558b85b90d159.jpg","height":480,"width":632,"date_captured":"2025-10-24T13:50:11+00:00","extra":{"name":"bandicam-2022-05-31-00-48-19-946_mp4-63.jpg"}},{"id":48,"license":1,"file_name":"IMG_6262_MOV-24_jpg.rf.e0e843f92780205224f82a8b90bdd15e.jpg","height":1080,"width":1920,"date_captured":"2025-10-24T13:50:11+00:00","extra":{"name":"IMG_6262_MOV-24.jpg"}},{"id":49,"license":1,"file_name":"IMG_6270_MOV-17_jpg.rf.c217e7b600f08e96925a111aeb25f5a5.jpg","height":1080,"width":1920,"date_captured":"2025-10-24T13:50:11+00:00","extra":{"name":"IMG_6270_MOV-17.jpg"}},{"id":50,"license":1,"file_name":"IMG_6268_MOV-67_jpg.rf.b7ef6fb6dafce73cb0c1829db878b0ab.jpg","height":1080,"width":1920,"date_captured":"2025-10-24T13:50:11+00:00","extra":{"name":"IMG_6268_MOV-67.jpg"}},{"id":51,"license":1,"file_name":"IMG_6268_MOV-61_jpg.rf.8ec301c097e5f436e2b8225e9f3ad040.jpg","height":1080,"width":1920,"date_captured":"2025-10-24T13:50:11+00:00","extra":{"name":"IMG_6268_MOV-61.jpg"}},{"id":52,"license":1,"file_name":"18_png_jpg.rf.271d98b8e314be7855caae9aaedbfa24.jpg","height":2624,"width":2624,"date_captured":"2025-10-24T13:50:11+00:00","extra":{"name":"18_png.jpg"}},{"id":53,"license":1,"file_name":"bandicam-2022-05-31-00-57-58-083_mp4-139_jpg.rf.c04d8799b2f9ed2326e126d45f794b3f.jpg","height":480,"width":632,"date_captured":"2025-10-24T13:50:11+00:00","extra":{"name":"bandicam-2022-05-31-00-57-58-083_mp4-139.jpg"}},{"id":54,"license":1,"file_name":"IMG_6270_MOV-13_jpg.rf.e485ec6bb1d5bdda55946d37f61794c6.jpg","height":1080,"width":1920,"date_captured":"2025-10-24T13:50:11+00:00","extra":{"name":"IMG_6270_MOV-13.jpg"}},{"id":55,"license":1,"file_name":"bandicam-2022-05-31-00-59-19-612_mp4-52_jpg.rf.3c81cab0bff9dc4347b72cf319e77faa.jpg","height":480,"width":632,"date_captured":"2025-10-24T13:50:11+00:00","extra":{"name":"bandicam-2022-05-31-00-59-19-612_mp4-52.jpg"}},{"id":56,"license":1,"file_name":"IMG_6270_MOV-38_jpg.rf.ac6179d7c8ff83a099efa446b4ed36ed.jpg","height":1080,"width":1920,"date_captured":"2025-10-24T13:50:11+00:00","extra":{"name":"IMG_6270_MOV-38.jpg"}},{"id":57,"license":1,"file_name":"bandicam-2022-05-31-00-57-58-083_mp4-21_jpg.rf.7dbba72756b9e4ee7681656cca037b5d.jpg","height":480,"width":632,"date_captured":"2025-10-24T13:50:11+00:00","extra":{"name":"bandicam-2022-05-31-00-57-58-083_mp4-21.jpg"}},{"id":58,"license":1,"file_name":"bandicam-2022-05-31-00-57-58-083_mp4-132_jpg.rf.6bed8141486a27b6ebeef0becf728141.jpg","height":480,"width":632,"date_captured":"2025-10-24T13:50:11+00:00","extra":{"name":"bandicam-2022-05-31-00-57-58-083_mp4-132.jpg"}},{"id":59,"license":1,"file_name":"bandicam-2022-05-31-00-59-19-612_mp4-101_jpg.rf.ae46ab80bc6e6cc9a648f1269ddeb377.jpg","height":480,"width":632,"date_captured":"2025-10-24T13:50:11+00:00","extra":{"name":"bandicam-2022-05-31-00-59-19-612_mp4-101.jpg"}},{"id":60,"license":1,"file_name":"bandicam-2022-05-31-01-00-01-863_mp4-80_jpg.rf.f5b28da44952e2214299f8679f4517b5.jpg","height":480,"width":632,"date_captured":"2025-10-24T13:50:11+00:00","extra":{"name":"bandicam-2022-05-31-01-00-01-863_mp4-80.jpg"}},{"id":61,"license":1,"file_name":"IMG_6259_MOV-69_jpg.rf.15c01b29cbc8a3474868885a06970844.jpg","height":1080,"width":1920,"date_captured":"2025-10-24T13:50:11+00:00","extra":{"name":"IMG_6259_MOV-69.jpg"}},{"id":62,"license":1,"file_name":"bandicam-2022-05-31-01-00-01-863_mp4-76_jpg.rf.10d55e62a42d03b43dffd2a27747fcc8.jpg","height":480,"width":632,"date_captured":"2025-10-24T13:50:11+00:00","extra":{"name":"bandicam-2022-05-31-01-00-01-863_mp4-76.jpg"}},{"id":63,"license":1,"file_name":"bandicam-2022-05-31-01-00-01-863_mp4-79_jpg.rf.1f3a744ddb727cd7c7daf20430e0d10f.jpg","height":480,"width":632,"date_captured":"2025-10-24T13:50:11+00:00","extra":{"name":"bandicam-2022-05-31-01-00-01-863_mp4-79.jpg"}},{"id":64,"license":1,"file_name":"bandicam-2022-05-31-01-00-01-863_mp4-78_jpg.rf.90e2a5736a2dc5ab2752b816a8253827.jpg","height":480,"width":632,"date_captured":"2025-10-24T13:50:11+00:00","extra":{"name":"bandicam-2022-05-31-01-00-01-863_mp4-78.jpg"}},{"id":65,"license":1,"file_name":"bandicam-2022-05-31-00-57-58-083_mp4-24_jpg.rf.5214abc95ab842866d1c2a3ff912876e.jpg","height":480,"width":632,"date_captured":"2025-10-24T13:50:11+00:00","extra":{"name":"bandicam-2022-05-31-00-57-58-083_mp4-24.jpg"}},{"id":66,"license":1,"file_name":"IMG_6277_MOV-25_jpg.rf.fb94d699f1f82a330d62cc30b4af14fc.jpg","height":1080,"width":1920,"date_captured":"2025-10-24T13:50:11+00:00","extra":{"name":"IMG_6277_MOV-25.jpg"}},{"id":67,"license":1,"file_name":"IMG_6262_MOV-41_jpg.rf.3007c759f02dd3374f75c1b6e21ca8ab.jpg","height":1080,"width":1920,"date_captured":"2025-10-24T13:50:11+00:00","extra":{"name":"IMG_6262_MOV-41.jpg"}},{"id":68,"license":1,"file_name":"17-_png_jpg.rf.f7161b1c68d5fe0bcf23dd59bd278637.jpg","height":1146,"width":1528,"date_captured":"2025-10-24T13:50:11+00:00","extra":{"name":"17-_png.jpg"}},{"id":69,"license":1,"file_name":"-2022-02-24-16-37-43_png_jpg.rf.d826a0ca3b825908a05c415b32a230ba.jpg","height":242,"width":978,"date_captured":"2025-10-24T13:50:11+00:00","extra":{"name":"-2022-02-24-16-37-43_png.jpg"}},{"id":70,"license":1,"file_name":"8-_png_jpg.rf.d2f3532860323bd19539d7a137cf2b74.jpg","height":1146,"width":1528,"date_captured":"2025-10-24T13:50:11+00:00","extra":{"name":"8-_png.jpg"}},{"id":71,"license":1,"file_name":"16-_png_jpg.rf.cfa5848217a0817a9b3b3f24411123e8.jpg","height":1146,"width":1528,"date_captured":"2025-10-24T13:50:11+00:00","extra":{"name":"16-_png.jpg"}},{"id":72,"license":1,"file_name":"IMG_6258_MOV-37_jpg.rf.d350d47d625864782d9a42da84e4e8b5.jpg","height":1920,"width":1080,"date_captured":"2025-10-24T13:50:11+00:00","extra":{"name":"IMG_6258_MOV-37.jpg"}},{"id":73,"license":1,"file_name":"-2022-02-24-14-33-21_png_jpg.rf.4aee8d4066df21034e54440df0be1953.jpg","height":654,"width":1294,"date_captured":"2025-10-24T13:50:11+00:00","extra":{"name":"-2022-02-24-14-33-21_png.jpg"}},{"id":74,"license":1,"file_name":"IMG_6260_MOV-27_jpg.rf.433ba5db934b2b216aa039aa6ebaa6d2.jpg","height":1080,"width":1920,"date_captured":"2025-10-24T13:50:11+00:00","extra":{"name":"IMG_6260_MOV-27.jpg"}},{"id":75,"license":1,"file_name":"IMG_6260_MOV-10_jpg.rf.97ed8a167c05b52cc39ef06ee15e54d5.jpg","height":1080,"width":1920,"date_captured":"2025-10-24T13:50:11+00:00","extra":{"name":"IMG_6260_MOV-10.jpg"}},{"id":76,"license":1,"file_name":"-2022-02-24-16-37-02_png_jpg.rf.6308ec9e1204552ce7a1affdc44f29a5.jpg","height":558,"width":962,"date_captured":"2025-10-24T13:50:11+00:00","extra":{"name":"-2022-02-24-16-37-02_png.jpg"}},{"id":77,"license":1,"file_name":"IMG_6258_MOV-2_jpg.rf.b38ceed353035c43aea58cfa9b13df0a.jpg","height":1920,"width":1080,"date_captured":"2025-10-24T13:50:11+00:00","extra":{"name":"IMG_6258_MOV-2.jpg"}},{"id":78,"license":1,"file_name":"5-_png_jpg.rf.b0eda26ef01908925b30416d33892427.jpg","height":1146,"width":1528,"date_captured":"2025-10-24T13:50:11+00:00","extra":{"name":"5-_png.jpg"}},{"id":79,"license":1,"file_name":"-2022-02-24-16-35-05_png_jpg.rf.e180417843ecc6bbbcea1b7b3eaef782.jpg","height":566,"width":904,"date_captured":"2025-10-24T13:50:11+00:00","extra":{"name":"-2022-02-24-16-35-05_png.jpg"}},{"id":80,"license":1,"file_name":"-2022-02-24-16-26-09_png_jpg.rf.e6a377475ac31172a9bfe64a9c228d67.jpg","height":498,"width":996,"date_captured":"2025-10-24T13:50:11+00:00","extra":{"name":"-2022-02-24-16-26-09_png.jpg"}},{"id":81,"license":1,"file_name":"23_png_jpg.rf.956571a33242c66806f760a5c7d8d7dc.jpg","height":2624,"width":2624,"date_captured":"2025-10-24T13:50:11+00:00","extra":{"name":"23_png.jpg"}},{"id":82,"license":1,"file_name":"-2022-02-24-16-37-28_png_jpg.rf.9cee193285bb620d1efec8c82698f9af.jpg","height":484,"width":1016,"date_captured":"2025-10-24T13:50:11+00:00","extra":{"name":"-2022-02-24-16-37-28_png.jpg"}},{"id":83,"license":1,"file_name":"IMG_6258_MOV-15_jpg.rf.c8d4e97dfa12e846812b7c18d99fd864.jpg","height":1920,"width":1080,"date_captured":"2025-10-24T13:50:11+00:00","extra":{"name":"IMG_6258_MOV-15.jpg"}},{"id":84,"license":1,"file_name":"-2022-02-24-16-27-51_png_jpg.rf.3ea71e818dc46d2f7c4cd2433bc68248.jpg","height":406,"width":990,"date_captured":"2025-10-24T13:50:11+00:00","extra":{"name":"-2022-02-24-16-27-51_png.jpg"}},{"id":85,"license":1,"file_name":"3-_png_jpg.rf.6791b3aafc1d331d751712d5486b5e75.jpg","height":1146,"width":1528,"date_captured":"2025-10-24T13:50:11+00:00","extra":{"name":"3-_png.jpg"}},{"id":86,"license":1,"file_name":"IMG_6260_MOV-14_jpg.rf.dd2745c72710b1f1355a7317180e36e6.jpg","height":1080,"width":1920,"date_captured":"2025-10-24T13:50:11+00:00","extra":{"name":"IMG_6260_MOV-14.jpg"}},{"id":87,"license":1,"file_name":"IMG_6258_MOV-58_jpg.rf.b4623cfe82f005be58d02990f275f852.jpg","height":1920,"width":1080,"date_captured":"2025-10-24T13:50:11+00:00","extra":{"name":"IMG_6258_MOV-58.jpg"}},{"id":88,"license":1,"file_name":"IMG_6258_MOV-20_jpg.rf.8e95d783b7e9c4b5f5d58561e10afcb3.jpg","height":1920,"width":1080,"date_captured":"2025-10-24T13:50:11+00:00","extra":{"name":"IMG_6258_MOV-20.jpg"}},{"id":89,"license":1,"file_name":"IMG_6258_MOV-13_jpg.rf.a3dd0dde019f7c9cdf248457bf9c0d04.jpg","height":1920,"width":1080,"date_captured":"2025-10-24T13:50:11+00:00","extra":{"name":"IMG_6258_MOV-13.jpg"}},{"id":90,"license":1,"file_name":"IMG_6260_MOV-15_jpg.rf.1219cc2224cd88f7e354c15387d12ff5.jpg","height":1080,"width":1920,"date_captured":"2025-10-24T13:50:11+00:00","extra":{"name":"IMG_6260_MOV-15.jpg"}},{"id":91,"license":1,"file_name":"IMG_6258_MOV-42_jpg.rf.b99b8d04feeb999f07182d323ddd5146.jpg","height":1920,"width":1080,"date_captured":"2025-10-24T13:50:11+00:00","extra":{"name":"IMG_6258_MOV-42.jpg"}},{"id":92,"license":1,"file_name":"IMG_6259_MOV-95_jpg.rf.a8a81840f958243565f76e1188b814b6.jpg","height":1080,"width":1920,"date_captured":"2025-10-24T13:50:11+00:00","extra":{"name":"IMG_6259_MOV-95.jpg"}},{"id":93,"license":1,"file_name":"IMG_6258_MOV-51_jpg.rf.7f235697c0bb85cd10b43e6ed68a3538.jpg","height":1920,"width":1080,"date_captured":"2025-10-24T13:50:11+00:00","extra":{"name":"IMG_6258_MOV-51.jpg"}},{"id":94,"license":1,"file_name":"-2022-02-24-16-28-17_png_jpg.rf.dea6dec112d877d7f917e1ab03d5cdec.jpg","height":470,"width":976,"date_captured":"2025-10-24T13:50:11+00:00","extra":{"name":"-2022-02-24-16-28-17_png.jpg"}},{"id":95,"license":1,"file_name":"IMG_6258_MOV-3_jpg.rf.a38cc95ccc22741ec7bf2aca7bfe17a4.jpg","height":1920,"width":1080,"date_captured":"2025-10-24T13:50:11+00:00","extra":{"name":"IMG_6258_MOV-3.jpg"}},{"id":96,"license":1,"file_name":"5_png_jpg.rf.b336b406f32dfda8462df4884b6be6cb.jpg","height":2624,"width":2624,"date_captured":"2025-10-24T13:50:11+00:00","extra":{"name":"5_png.jpg"}},{"id":97,"license":1,"file_name":"27_png_jpg.rf.e8034d8d459b64f079a3bcc90aea6ac8.jpg","height":2624,"width":2624,"date_captured":"2025-10-24T13:50:11+00:00","extra":{"name":"27_png.jpg"}},{"id":98,"license":1,"file_name":"IMG_6260_MOV-30_jpg.rf.3e555910f5ebbc31311ba54dd84e0a47.jpg","height":1080,"width":1920,"date_captured":"2025-10-24T13:50:11+00:00","extra":{"name":"IMG_6260_MOV-30.jpg"}},{"id":99,"license":1,"file_name":"IMG_6260_MOV-2_jpg.rf.0fc57269f886172531c951040541297e.jpg","height":1080,"width":1920,"date_captured":"2025-10-24T13:50:11+00:00","extra":{"name":"IMG_6260_MOV-2.jpg"}},{"id":100,"license":1,"file_name":"IMG_6259_MOV-8_jpg.rf.eaace569416c4a74de17ec5cb13061fa.jpg","height":1080,"width":1920,"date_captured":"2025-10-24T13:50:11+00:00","extra":{"name":"IMG_6259_MOV-8.jpg"}},{"id":101,"license":1,"file_name":"IMG_6259_MOV-47_jpg.rf.b04f52fcc462cfbcaafa97b6daa561f6.jpg","height":1080,"width":1920,"date_captured":"2025-10-24T13:50:11+00:00","extra":{"name":"IMG_6259_MOV-47.jpg"}},{"id":102,"license":1,"file_name":"IMG_6260_MOV-42_jpg.rf.c2230c4c1a2668c0f38bc37e230d144c.jpg","height":1080,"width":1920,"date_captured":"2025-10-24T13:50:11+00:00","extra":{"name":"IMG_6260_MOV-42.jpg"}},{"id":103,"license":1,"file_name":"IMG_6260_MOV-24_jpg.rf.88c02a3864c297947f0a59e41b85a390.jpg","height":1080,"width":1920,"date_captured":"2025-10-24T13:50:11+00:00","extra":{"name":"IMG_6260_MOV-24.jpg"}},{"id":104,"license":1,"file_name":"IMG_6258_MOV-56_jpg.rf.66397bd40ffd97b19ca4a8ff7f10fb67.jpg","height":1920,"width":1080,"date_captured":"2025-10-24T13:50:11+00:00","extra":{"name":"IMG_6258_MOV-56.jpg"}},{"id":105,"license":1,"file_name":"IMG_6262_MOV-10_jpg.rf.f6471c98eb2e2ac72ba9594e705a6e13.jpg","height":1080,"width":1920,"date_captured":"2025-10-24T13:50:11+00:00","extra":{"name":"IMG_6262_MOV-10.jpg"}},{"id":106,"license":1,"file_name":"IMG_6258_MOV-47_jpg.rf.65293a83f3edf1c684022569eb9bd686.jpg","height":1920,"width":1080,"date_captured":"2025-10-24T13:50:11+00:00","extra":{"name":"IMG_6258_MOV-47.jpg"}},{"id":107,"license":1,"file_name":"IMG_6260_MOV-8_jpg.rf.551b6ad1cffa003d1241d891076f8653.jpg","height":1080,"width":1920,"date_captured":"2025-10-24T13:50:11+00:00","extra":{"name":"IMG_6260_MOV-8.jpg"}},{"id":108,"license":1,"file_name":"IMG_6261_MOV-2_jpg.rf.8f3333e1e52a639e9a66f4328474368c.jpg","height":1920,"width":1080,"date_captured":"2025-10-24T13:50:11+00:00","extra":{"name":"IMG_6261_MOV-2.jpg"}},{"id":109,"license":1,"file_name":"IMG_6259_MOV-27_jpg.rf.5fd4aba30d4a7715d59e6249cfa913ad.jpg","height":1080,"width":1920,"date_captured":"2025-10-24T13:50:11+00:00","extra":{"name":"IMG_6259_MOV-27.jpg"}},{"id":110,"license":1,"file_name":"21_png_jpg.rf.f7e892607ebd1099160556427f3d0c25.jpg","height":2624,"width":2624,"date_captured":"2025-10-24T13:50:11+00:00","extra":{"name":"21_png.jpg"}},{"id":111,"license":1,"file_name":"IMG_6258_MOV-6_jpg.rf.a55bb19d0a159325076937434b07780b.jpg","height":1920,"width":1080,"date_captured":"2025-10-24T13:50:11+00:00","extra":{"name":"IMG_6258_MOV-6.jpg"}},{"id":112,"license":1,"file_name":"IMG_6260_MOV-34_jpg.rf.7cd583a33cff01d28fc458535f23dd8d.jpg","height":1080,"width":1920,"date_captured":"2025-10-24T13:50:11+00:00","extra":{"name":"IMG_6260_MOV-34.jpg"}},{"id":113,"license":1,"file_name":"IMG_6262_MOV-0_jpg.rf.6e0aab11c557ae13eb7dc86048a1899a.jpg","height":1080,"width":1920,"date_captured":"2025-10-24T13:50:11+00:00","extra":{"name":"IMG_6262_MOV-0.jpg"}},{"id":114,"license":1,"file_name":"IMG_6262_MOV-16_jpg.rf.58d491763c4563d861f378cd47cd7ce3.jpg","height":1080,"width":1920,"date_captured":"2025-10-24T13:50:11+00:00","extra":{"name":"IMG_6262_MOV-16.jpg"}},{"id":115,"license":1,"file_name":"IMG_6258_MOV-55_jpg.rf.c4ac1597afb9d71c97d7bfe464692f50.jpg","height":1920,"width":1080,"date_captured":"2025-10-24T13:50:11+00:00","extra":{"name":"IMG_6258_MOV-55.jpg"}},{"id":116,"license":1,"file_name":"IMG_6261_MOV-3_jpg.rf.3d38170aff200bcef798994eeb53a8cb.jpg","height":1920,"width":1080,"date_captured":"2025-10-24T13:50:11+00:00","extra":{"name":"IMG_6261_MOV-3.jpg"}},{"id":117,"license":1,"file_name":"IMG_6260_MOV-5_jpg.rf.a93ad497a518929aa85307f595bb94ca.jpg","height":1080,"width":1920,"date_captured":"2025-10-24T13:50:11+00:00","extra":{"name":"IMG_6260_MOV-5.jpg"}},{"id":118,"license":1,"file_name":"IMG_6264_MOV-2_jpg.rf.47e20ad850c587790a813d3186c49fce.jpg","height":1080,"width":1920,"date_captured":"2025-10-24T13:50:11+00:00","extra":{"name":"IMG_6264_MOV-2.jpg"}},{"id":119,"license":1,"file_name":"IMG_6262_MOV-20_jpg.rf.a7efbb0ebe523e4064c7b3063ba212c4.jpg","height":1080,"width":1920,"date_captured":"2025-10-24T13:50:11+00:00","extra":{"name":"IMG_6262_MOV-20.jpg"}},{"id":120,"license":1,"file_name":"IMG_6275_MOV-4_jpg.rf.d09932d974a9a8e9dd19a499c2ad564f.jpg","height":1080,"width":1920,"date_captured":"2025-10-24T13:50:11+00:00","extra":{"name":"IMG_6275_MOV-4.jpg"}},{"id":121,"license":1,"file_name":"IMG_6258_MOV-29_jpg.rf.533db3188e96001dcf19f185a1a2a2da.jpg","height":1920,"width":1080,"date_captured":"2025-10-24T13:50:11+00:00","extra":{"name":"IMG_6258_MOV-29.jpg"}},{"id":122,"license":1,"file_name":"IMG_6260_MOV-41_jpg.rf.ed1b6a670b35bf1906d8869b46c5c469.jpg","height":1080,"width":1920,"date_captured":"2025-10-24T13:50:11+00:00","extra":{"name":"IMG_6260_MOV-41.jpg"}},{"id":123,"license":1,"file_name":"IMG_6263_MOV-39_jpg.rf.484013d797689a4ff8a60e8d744c1f15.jpg","height":1080,"width":1920,"date_captured":"2025-10-24T13:50:11+00:00","extra":{"name":"IMG_6263_MOV-39.jpg"}},{"id":124,"license":1,"file_name":"IMG_6259_MOV-16_jpg.rf.894c257081fe20c394e0a4590c85bff3.jpg","height":1080,"width":1920,"date_captured":"2025-10-24T13:50:11+00:00","extra":{"name":"IMG_6259_MOV-16.jpg"}},{"id":125,"license":1,"file_name":"19_png_jpg.rf.f7f37c33673f056ada71fd4eb565c945.jpg","height":2624,"width":2624,"date_captured":"2025-10-24T13:50:11+00:00","extra":{"name":"19_png.jpg"}},{"id":126,"license":1,"file_name":"IMG_6259_MOV-7_jpg.rf.826a160c637263ed77db3f7b542a84ac.jpg","height":1080,"width":1920,"date_captured":"2025-10-24T13:50:11+00:00","extra":{"name":"IMG_6259_MOV-7.jpg"}},{"id":127,"license":1,"file_name":"bandicam-2022-05-31-00-45-21-525_mp4-238_jpg.rf.dbe4aa964566e14224b090c00e2643a9.jpg","height":480,"width":632,"date_captured":"2025-10-24T13:50:11+00:00","extra":{"name":"bandicam-2022-05-31-00-45-21-525_mp4-238.jpg"}},{"id":128,"license":1,"file_name":"IMG_6275_MOV-14_jpg.rf.f1c8f606e2b3356e3b3e1a7f8ef91b8c.jpg","height":1080,"width":1920,"date_captured":"2025-10-24T13:50:11+00:00","extra":{"name":"IMG_6275_MOV-14.jpg"}},{"id":129,"license":1,"file_name":"IMG_6275_MOV-7_jpg.rf.a05ac4669cd6d54c88cdc4a4cad26592.jpg","height":1080,"width":1920,"date_captured":"2025-10-24T13:50:11+00:00","extra":{"name":"IMG_6275_MOV-7.jpg"}},{"id":130,"license":1,"file_name":"IMG_6262_MOV-61_jpg.rf.ddf6dee5efaedbed42e29ff9a161af58.jpg","height":1080,"width":1920,"date_captured":"2025-10-24T13:50:11+00:00","extra":{"name":"IMG_6262_MOV-61.jpg"}},{"id":131,"license":1,"file_name":"IMG_6262_MOV-70_jpg.rf.c90187458f931350b82bf62e011e3bf3.jpg","height":1080,"width":1920,"date_captured":"2025-10-24T13:50:11+00:00","extra":{"name":"IMG_6262_MOV-70.jpg"}},{"id":132,"license":1,"file_name":"IMG_6274_MOV-52_jpg.rf.42d34028472fda8d278e67d4f10c05f0.jpg","height":1080,"width":1920,"date_captured":"2025-10-24T13:50:11+00:00","extra":{"name":"IMG_6274_MOV-52.jpg"}},{"id":133,"license":1,"file_name":"IMG_6262_MOV-71_jpg.rf.327d182ec9e3b89ab31846a1eb4d7be6.jpg","height":1080,"width":1920,"date_captured":"2025-10-24T13:50:11+00:00","extra":{"name":"IMG_6262_MOV-71.jpg"}},{"id":134,"license":1,"file_name":"IMG_6275_MOV-13_jpg.rf.2221ecc570016ecb7c1687546ef52000.jpg","height":1080,"width":1920,"date_captured":"2025-10-24T13:50:11+00:00","extra":{"name":"IMG_6275_MOV-13.jpg"}},{"id":135,"license":1,"file_name":"IMG_6263_MOV-43_jpg.rf.c8874746466d69b2ceb70ffc464f2ad8.jpg","height":1080,"width":1920,"date_captured":"2025-10-24T13:50:11+00:00","extra":{"name":"IMG_6263_MOV-43.jpg"}},{"id":136,"license":1,"file_name":"IMG_6275_MOV-41_jpg.rf.51b312f06bbe5abfc20b304da76e03b8.jpg","height":1080,"width":1920,"date_captured":"2025-10-24T13:50:11+00:00","extra":{"name":"IMG_6275_MOV-41.jpg"}},{"id":137,"license":1,"file_name":"IMG_6264_MOV-61_jpg.rf.6202485dca48e5fea5810fdf73355f4e.jpg","height":1080,"width":1920,"date_captured":"2025-10-24T13:50:11+00:00","extra":{"name":"IMG_6264_MOV-61.jpg"}},{"id":138,"license":1,"file_name":"IMG_6275_MOV-52_jpg.rf.11e8002fd33e1b0321830ee55eefa55d.jpg","height":1080,"width":1920,"date_captured":"2025-10-24T13:50:11+00:00","extra":{"name":"IMG_6275_MOV-52.jpg"}},{"id":139,"license":1,"file_name":"IMG_6264_MOV-77_jpg.rf.b03073aca0367236c59f45d33b865de0.jpg","height":1080,"width":1920,"date_captured":"2025-10-24T13:50:11+00:00","extra":{"name":"IMG_6264_MOV-77.jpg"}},{"id":140,"license":1,"file_name":"IMG_6264_MOV-41_jpg.rf.debc847a637ed5a16dfe3f9bbf1fd44b.jpg","height":1080,"width":1920,"date_captured":"2025-10-24T13:50:11+00:00","extra":{"name":"IMG_6264_MOV-41.jpg"}},{"id":141,"license":1,"file_name":"IMG_6263_MOV-14_jpg.rf.3b63518631a86e02c10fb7ab2575676f.jpg","height":1080,"width":1920,"date_captured":"2025-10-24T13:50:11+00:00","extra":{"name":"IMG_6263_MOV-14.jpg"}},{"id":142,"license":1,"file_name":"IMG_6264_MOV-42_jpg.rf.fd033e12849682bb17a2bc5a3e02d403.jpg","height":1080,"width":1920,"date_captured":"2025-10-24T13:50:11+00:00","extra":{"name":"IMG_6264_MOV-42.jpg"}},{"id":143,"license":1,"file_name":"IMG_6274_MOV-49_jpg.rf.5bbb3cde64cc6461abd812399d6ea8c0.jpg","height":1080,"width":1920,"date_captured":"2025-10-24T13:50:11+00:00","extra":{"name":"IMG_6274_MOV-49.jpg"}},{"id":144,"license":1,"file_name":"IMG_6264_MOV-29_jpg.rf.8412e7eadd48dd90101f4a344ea91c88.jpg","height":1080,"width":1920,"date_captured":"2025-10-24T13:50:11+00:00","extra":{"name":"IMG_6264_MOV-29.jpg"}},{"id":145,"license":1,"file_name":"IMG_6263_MOV-7_jpg.rf.d4a9f23f71ee62a48d319894f12bc8d0.jpg","height":1080,"width":1920,"date_captured":"2025-10-24T13:50:11+00:00","extra":{"name":"IMG_6263_MOV-7.jpg"}},{"id":146,"license":1,"file_name":"IMG_6278_MOV-36_jpg.rf.07d17670cbbde49696b713387258dca5.jpg","height":1920,"width":1080,"date_captured":"2025-10-24T13:50:11+00:00","extra":{"name":"IMG_6278_MOV-36.jpg"}},{"id":147,"license":1,"file_name":"IMG_6264_MOV-44_jpg.rf.969c9a3f079bcdbc6a47833b21942f90.jpg","height":1080,"width":1920,"date_captured":"2025-10-24T13:50:11+00:00","extra":{"name":"IMG_6264_MOV-44.jpg"}},{"id":148,"license":1,"file_name":"IMG_6264_MOV-58_jpg.rf.af77fe8263ba5fc7a24a69a5338a1448.jpg","height":1080,"width":1920,"date_captured":"2025-10-24T13:50:11+00:00","extra":{"name":"IMG_6264_MOV-58.jpg"}},{"id":149,"license":1,"file_name":"IMG_6274_MOV-62_jpg.rf.3f5d6962efb34602f0b3fa3adbb77166.jpg","height":1080,"width":1920,"date_captured":"2025-10-24T13:50:11+00:00","extra":{"name":"IMG_6274_MOV-62.jpg"}},{"id":150,"license":1,"file_name":"IMG_6264_MOV-63_jpg.rf.cdb24b6b4e495c3c5941236a5332516d.jpg","height":1080,"width":1920,"date_captured":"2025-10-24T13:50:11+00:00","extra":{"name":"IMG_6264_MOV-63.jpg"}},{"id":151,"license":1,"file_name":"IMG_6275_MOV-16_jpg.rf.3f378f5845b86285071b1e2332baabf2.jpg","height":1080,"width":1920,"date_captured":"2025-10-24T13:50:11+00:00","extra":{"name":"IMG_6275_MOV-16.jpg"}},{"id":152,"license":1,"file_name":"IMG_6275_MOV-56_jpg.rf.c9a9ba6074e8cd25128014f4c4fe40a1.jpg","height":1080,"width":1920,"date_captured":"2025-10-24T13:50:11+00:00","extra":{"name":"IMG_6275_MOV-56.jpg"}},{"id":153,"license":1,"file_name":"IMG_6275_MOV-19_jpg.rf.8ec56faf4f2ce260082c7566fec0154e.jpg","height":1080,"width":1920,"date_captured":"2025-10-24T13:50:11+00:00","extra":{"name":"IMG_6275_MOV-19.jpg"}},{"id":154,"license":1,"file_name":"IMG_6273_MOV-23_jpg.rf.3394669f051f9297152229db4368c2e4.jpg","height":1080,"width":1920,"date_captured":"2025-10-24T13:50:11+00:00","extra":{"name":"IMG_6273_MOV-23.jpg"}},{"id":155,"license":1,"file_name":"IMG_6271_MOV-8_jpg.rf.52cf2bbb14ccc5f1a3cc38eff5384b89.jpg","height":1080,"width":1920,"date_captured":"2025-10-24T13:50:11+00:00","extra":{"name":"IMG_6271_MOV-8.jpg"}},{"id":156,"license":1,"file_name":"IMG_6278_MOV-5_jpg.rf.c7855e9541d04c0653507868e6603a3d.jpg","height":1920,"width":1080,"date_captured":"2025-10-24T13:50:11+00:00","extra":{"name":"IMG_6278_MOV-5.jpg"}},{"id":157,"license":1,"file_name":"IMG_6275_MOV-25_jpg.rf.3bcd2c55b8c1bb4be5d759fecea47f12.jpg","height":1080,"width":1920,"date_captured":"2025-10-24T13:50:11+00:00","extra":{"name":"IMG_6275_MOV-25.jpg"}},{"id":158,"license":1,"file_name":"IMG_6272_MOV-30_jpg.rf.6f6c40683305df5150319e93e36f589a.jpg","height":1080,"width":1920,"date_captured":"2025-10-24T13:50:11+00:00","extra":{"name":"IMG_6272_MOV-30.jpg"}},{"id":159,"license":1,"file_name":"IMG_6278_MOV-46_jpg.rf.6538cafa9f9c2fc8c645edba01191a59.jpg","height":1920,"width":1080,"date_captured":"2025-10-24T13:50:11+00:00","extra":{"name":"IMG_6278_MOV-46.jpg"}},{"id":160,"license":1,"file_name":"IMG_6271_MOV-32_jpg.rf.5176be50247c0096efe5fac9bfa19200.jpg","height":1080,"width":1920,"date_captured":"2025-10-24T13:50:11+00:00","extra":{"name":"IMG_6271_MOV-32.jpg"}},{"id":161,"license":1,"file_name":"IMG_6264_MOV-46_jpg.rf.da5197130188c397a7f679a92e2ca3df.jpg","height":1080,"width":1920,"date_captured":"2025-10-24T13:50:11+00:00","extra":{"name":"IMG_6264_MOV-46.jpg"}},{"id":162,"license":1,"file_name":"IMG_6275_MOV-27_jpg.rf.e734b4847054f62b6484e6f15cce47b7.jpg","height":1080,"width":1920,"date_captured":"2025-10-24T13:50:11+00:00","extra":{"name":"IMG_6275_MOV-27.jpg"}},{"id":163,"license":1,"file_name":"IMG_6273_MOV-20_jpg.rf.f5a82988ea56b21e955201d4ceaabe7c.jpg","height":1080,"width":1920,"date_captured":"2025-10-24T13:50:11+00:00","extra":{"name":"IMG_6273_MOV-20.jpg"}},{"id":164,"license":1,"file_name":"IMG_6272_MOV-21_jpg.rf.2adf3b1b7040cd0dc4ff704909f35c78.jpg","height":1080,"width":1920,"date_captured":"2025-10-24T13:50:11+00:00","extra":{"name":"IMG_6272_MOV-21.jpg"}},{"id":165,"license":1,"file_name":"IMG_6277_MOV-54_jpg.rf.9da8bf4384e7af6851a78eabd83e445d.jpg","height":1080,"width":1920,"date_captured":"2025-10-24T13:50:11+00:00","extra":{"name":"IMG_6277_MOV-54.jpg"}},{"id":166,"license":1,"file_name":"IMG_6277_MOV-43_jpg.rf.3f0843fbb2a82b09993c64b83bf70c06.jpg","height":1080,"width":1920,"date_captured":"2025-10-24T13:50:11+00:00","extra":{"name":"IMG_6277_MOV-43.jpg"}},{"id":167,"license":1,"file_name":"IMG_6275_MOV-32_jpg.rf.b4f85a268b7af116d8881417edf29fe2.jpg","height":1080,"width":1920,"date_captured":"2025-10-24T13:50:11+00:00","extra":{"name":"IMG_6275_MOV-32.jpg"}},{"id":168,"license":1,"file_name":"IMG_6278_MOV-24_jpg.rf.e62c55260d6d05717db27cf77e19d768.jpg","height":1920,"width":1080,"date_captured":"2025-10-24T13:50:11+00:00","extra":{"name":"IMG_6278_MOV-24.jpg"}},{"id":169,"license":1,"file_name":"IMG_6277_MOV-7_jpg.rf.552111a14b9132e0c923ebb366905deb.jpg","height":1080,"width":1920,"date_captured":"2025-10-24T13:50:11+00:00","extra":{"name":"IMG_6277_MOV-7.jpg"}},{"id":170,"license":1,"file_name":"IMG_6278_MOV-30_jpg.rf.4158669713a7a811c31c27826194887d.jpg","height":1920,"width":1080,"date_captured":"2025-10-24T13:50:11+00:00","extra":{"name":"IMG_6278_MOV-30.jpg"}},{"id":171,"license":1,"file_name":"IMG_6278_MOV-29_jpg.rf.2da8292a03f556770928b85d7899cc03.jpg","height":1920,"width":1080,"date_captured":"2025-10-24T13:50:11+00:00","extra":{"name":"IMG_6278_MOV-29.jpg"}},{"id":172,"license":1,"file_name":"IMG_6275_MOV-53_jpg.rf.d567034e7b012a17ee4ba63eb3183f88.jpg","height":1080,"width":1920,"date_captured":"2025-10-24T13:50:11+00:00","extra":{"name":"IMG_6275_MOV-53.jpg"}},{"id":173,"license":1,"file_name":"IMG_6277_MOV-4_jpg.rf.7c014e47b23fe856f61d990444b39b4b.jpg","height":1080,"width":1920,"date_captured":"2025-10-24T13:50:11+00:00","extra":{"name":"IMG_6277_MOV-4.jpg"}},{"id":174,"license":1,"file_name":"IMG_6273_MOV-21_jpg.rf.a8c6decd1254f9d7149efadff904249b.jpg","height":1080,"width":1920,"date_captured":"2025-10-24T13:50:11+00:00","extra":{"name":"IMG_6273_MOV-21.jpg"}},{"id":175,"license":1,"file_name":"IMG_6272_MOV-19_jpg.rf.0bf3b7cc3db0d002b4753ff5a0eb6954.jpg","height":1080,"width":1920,"date_captured":"2025-10-24T13:50:11+00:00","extra":{"name":"IMG_6272_MOV-19.jpg"}},{"id":176,"license":1,"file_name":"IMG_6278_MOV-31_jpg.rf.1d7503fccff43debdfe001babe04bff2.jpg","height":1920,"width":1080,"date_captured":"2025-10-24T13:50:11+00:00","extra":{"name":"IMG_6278_MOV-31.jpg"}},{"id":177,"license":1,"file_name":"IMG_6274_MOV-24_jpg.rf.23d5a1c853bfc91df724b0db54fca86f.jpg","height":1080,"width":1920,"date_captured":"2025-10-24T13:50:11+00:00","extra":{"name":"IMG_6274_MOV-24.jpg"}},{"id":178,"license":1,"file_name":"IMG_6264_MOV-25_jpg.rf.895ff1b0609cb01e1c0b3550f02b72f8.jpg","height":1080,"width":1920,"date_captured":"2025-10-24T13:50:11+00:00","extra":{"name":"IMG_6264_MOV-25.jpg"}},{"id":179,"license":1,"file_name":"IMG_6275_MOV-36_jpg.rf.91d66d7bb2fdc55291e63844bf861b93.jpg","height":1080,"width":1920,"date_captured":"2025-10-24T13:50:11+00:00","extra":{"name":"IMG_6275_MOV-36.jpg"}},{"id":180,"license":1,"file_name":"IMG_6277_MOV-6_jpg.rf.f36563468bd6b42bd1c464d0a31a6a59.jpg","height":1080,"width":1920,"date_captured":"2025-10-24T13:50:11+00:00","extra":{"name":"IMG_6277_MOV-6.jpg"}},{"id":181,"license":1,"file_name":"IMG_6274_MOV-21_jpg.rf.b2efd37c01304824cd29bb1d961d70e5.jpg","height":1080,"width":1920,"date_captured":"2025-10-24T13:50:11+00:00","extra":{"name":"IMG_6274_MOV-21.jpg"}},{"id":182,"license":1,"file_name":"bandicam-2022-05-31-00-45-21-525_mp4-224_jpg.rf.326a6c19b6ebd999c926c1424cad3074.jpg","height":480,"width":632,"date_captured":"2025-10-24T13:50:11+00:00","extra":{"name":"bandicam-2022-05-31-00-45-21-525_mp4-224.jpg"}},{"id":183,"license":1,"file_name":"IMG_6277_MOV-3_jpg.rf.c8808cc249038190e2d72eaa243c6bf7.jpg","height":1080,"width":1920,"date_captured":"2025-10-24T13:50:11+00:00","extra":{"name":"IMG_6277_MOV-3.jpg"}},{"id":184,"license":1,"file_name":"IMG_6274_MOV-22_jpg.rf.2eff77d3cb3d1402aaf75f56c6acf250.jpg","height":1080,"width":1920,"date_captured":"2025-10-24T13:50:11+00:00","extra":{"name":"IMG_6274_MOV-22.jpg"}},{"id":185,"license":1,"file_name":"IMG_6273_MOV-29_jpg.rf.3fbd0969d4d9b3e8a1d437790e45c21f.jpg","height":1080,"width":1920,"date_captured":"2025-10-24T13:50:11+00:00","extra":{"name":"IMG_6273_MOV-29.jpg"}},{"id":186,"license":1,"file_name":"IMG_6271_MOV-19_jpg.rf.596b89982d03baef5432eaa9935ec285.jpg","height":1080,"width":1920,"date_captured":"2025-10-24T13:50:11+00:00","extra":{"name":"IMG_6271_MOV-19.jpg"}},{"id":187,"license":1,"file_name":"IMG_6278_MOV-12_jpg.rf.0cd843a0824082e20b9cf40604d19758.jpg","height":1920,"width":1080,"date_captured":"2025-10-24T13:50:11+00:00","extra":{"name":"IMG_6278_MOV-12.jpg"}},{"id":188,"license":1,"file_name":"IMG_6271_MOV-16_jpg.rf.b7434b45da376c1f1903f406e12cc4f7.jpg","height":1080,"width":1920,"date_captured":"2025-10-24T13:50:11+00:00","extra":{"name":"IMG_6271_MOV-16.jpg"}},{"id":189,"license":1,"file_name":"IMG_6274_MOV-3_jpg.rf.35146e118c2c623290e17dd1bbc47a3b.jpg","height":1080,"width":1920,"date_captured":"2025-10-24T13:50:11+00:00","extra":{"name":"IMG_6274_MOV-3.jpg"}},{"id":190,"license":1,"file_name":"IMG_6267_MOV-43_jpg.rf.644e1bdbe5e933824ed426160479d71e.jpg","height":1080,"width":1920,"date_captured":"2025-10-24T13:50:11+00:00","extra":{"name":"IMG_6267_MOV-43.jpg"}},{"id":191,"license":1,"file_name":"bandicam-2022-05-31-00-45-21-525_mp4-223_jpg.rf.7b4bbc2cc30473d140a7729ee2ce95bc.jpg","height":480,"width":632,"date_captured":"2025-10-24T13:50:11+00:00","extra":{"name":"bandicam-2022-05-31-00-45-21-525_mp4-223.jpg"}},{"id":192,"license":1,"file_name":"IMG_6271_MOV-20_jpg.rf.4af1567271b52e641f4be956c8e1c857.jpg","height":1080,"width":1920,"date_captured":"2025-10-24T13:50:11+00:00","extra":{"name":"IMG_6271_MOV-20.jpg"}},{"id":193,"license":1,"file_name":"IMG_6274_MOV-31_jpg.rf.08715b2782fd6215b55e8471180e63e1.jpg","height":1080,"width":1920,"date_captured":"2025-10-24T13:50:11+00:00","extra":{"name":"IMG_6274_MOV-31.jpg"}},{"id":194,"license":1,"file_name":"bandicam-2022-05-31-00-45-21-525_mp4-221_jpg.rf.1afc992877b4b7a1623a2327937438fc.jpg","height":480,"width":632,"date_captured":"2025-10-24T13:50:11+00:00","extra":{"name":"bandicam-2022-05-31-00-45-21-525_mp4-221.jpg"}},{"id":195,"license":1,"file_name":"bandicam-2022-05-31-00-54-02-951_mp4-82_jpg.rf.90a737366ebf4c5a9d1bddc2b2772504.jpg","height":480,"width":632,"date_captured":"2025-10-24T13:50:11+00:00","extra":{"name":"bandicam-2022-05-31-00-54-02-951_mp4-82.jpg"}},{"id":196,"license":1,"file_name":"IMG_6271_MOV-29_jpg.rf.77f44ebd0275f0c658f99ea099feacb7.jpg","height":1080,"width":1920,"date_captured":"2025-10-24T13:50:11+00:00","extra":{"name":"IMG_6271_MOV-29.jpg"}},{"id":197,"license":1,"file_name":"IMG_6267_MOV-42_jpg.rf.fb4fb3441d8d15dc5a3c1e3f2a09281e.jpg","height":1080,"width":1920,"date_captured":"2025-10-24T13:50:11+00:00","extra":{"name":"IMG_6267_MOV-42.jpg"}},{"id":198,"license":1,"file_name":"IMG_6274_MOV-47_jpg.rf.8738bc22c4f5ccb9091aacc894a6728a.jpg","height":1080,"width":1920,"date_captured":"2025-10-24T13:50:11+00:00","extra":{"name":"IMG_6274_MOV-47.jpg"}},{"id":199,"license":1,"file_name":"IMG_6267_MOV-16_jpg.rf.9b19c0861018dd9da94c981df565e575.jpg","height":1080,"width":1920,"date_captured":"2025-10-24T13:50:11+00:00","extra":{"name":"IMG_6267_MOV-16.jpg"}},{"id":200,"license":1,"file_name":"IMG_6271_MOV-30_jpg.rf.79a53e3d67b4bf47666aba9842ca8780.jpg","height":1080,"width":1920,"date_captured":"2025-10-24T13:50:11+00:00","extra":{"name":"IMG_6271_MOV-30.jpg"}},{"id":201,"license":1,"file_name":"IMG_6267_MOV-3_jpg.rf.cdba2579efa7b8fc5af27dd630922d85.jpg","height":1080,"width":1920,"date_captured":"2025-10-24T13:50:11+00:00","extra":{"name":"IMG_6267_MOV-3.jpg"}},{"id":202,"license":1,"file_name":"bandicam-2022-05-31-00-54-02-951_mp4-66_jpg.rf.a55d92230286b0db797cdfcaa2dc9d3f.jpg","height":480,"width":632,"date_captured":"2025-10-24T13:50:11+00:00","extra":{"name":"bandicam-2022-05-31-00-54-02-951_mp4-66.jpg"}},{"id":203,"license":1,"file_name":"IMG_6275_MOV-1_jpg.rf.0a3cc91937a241409c6406294ef9cd38.jpg","height":1080,"width":1920,"date_captured":"2025-10-24T13:50:11+00:00","extra":{"name":"IMG_6275_MOV-1.jpg"}},{"id":204,"license":1,"file_name":"IMG_6270_MOV-45_jpg.rf.c3b6edf5aad1864b3c645a0a79e2a151.jpg","height":1080,"width":1920,"date_captured":"2025-10-24T13:50:11+00:00","extra":{"name":"IMG_6270_MOV-45.jpg"}},{"id":205,"license":1,"file_name":"IMG_6267_MOV-0_jpg.rf.3266d26560a7adc924903bbf88845f5c.jpg","height":1080,"width":1920,"date_captured":"2025-10-24T13:50:11+00:00","extra":{"name":"IMG_6267_MOV-0.jpg"}},{"id":206,"license":1,"file_name":"bandicam-2022-05-31-00-45-21-525_mp4-116_jpg.rf.eeedd5b3e07025b86121a529ebcd43a1.jpg","height":480,"width":632,"date_captured":"2025-10-24T13:50:11+00:00","extra":{"name":"bandicam-2022-05-31-00-45-21-525_mp4-116.jpg"}},{"id":207,"license":1,"file_name":"IMG_6271_MOV-31_jpg.rf.453d5915fe0bb80deff205826874aeae.jpg","height":1080,"width":1920,"date_captured":"2025-10-24T13:50:11+00:00","extra":{"name":"IMG_6271_MOV-31.jpg"}},{"id":208,"license":1,"file_name":"IMG_6267_MOV-35_jpg.rf.a5864709f59104cdae8ccbbb55b79836.jpg","height":1080,"width":1920,"date_captured":"2025-10-24T13:50:11+00:00","extra":{"name":"IMG_6267_MOV-35.jpg"}},{"id":209,"license":1,"file_name":"IMG_6268_MOV-4_jpg.rf.f29f3a7dc6513b46e01b8ebaad84fe02.jpg","height":1080,"width":1920,"date_captured":"2025-10-24T13:50:11+00:00","extra":{"name":"IMG_6268_MOV-4.jpg"}},{"id":210,"license":1,"file_name":"bandicam-2022-05-31-00-54-02-951_mp4-86_jpg.rf.0c1119f5d96eec38ea5cd519469be8e9.jpg","height":480,"width":632,"date_captured":"2025-10-24T13:50:11+00:00","extra":{"name":"bandicam-2022-05-31-00-54-02-951_mp4-86.jpg"}},{"id":211,"license":1,"file_name":"bandicam-2022-05-31-00-54-02-951_mp4-35_jpg.rf.f46a3c63cdb92f1a76b52bbcbe6855a6.jpg","height":480,"width":632,"date_captured":"2025-10-24T13:50:11+00:00","extra":{"name":"bandicam-2022-05-31-00-54-02-951_mp4-35.jpg"}},{"id":212,"license":1,"file_name":"bandicam-2022-05-31-00-54-02-951_mp4-34_jpg.rf.6f1825006acd69d2ff25bfa4ac571aa6.jpg","height":480,"width":632,"date_captured":"2025-10-24T13:50:11+00:00","extra":{"name":"bandicam-2022-05-31-00-54-02-951_mp4-34.jpg"}},{"id":213,"license":1,"file_name":"bandicam-2022-05-31-00-57-58-083_mp4-115_jpg.rf.3649b5b5c1bb4647c01236991daaec89.jpg","height":480,"width":632,"date_captured":"2025-10-24T13:50:11+00:00","extra":{"name":"bandicam-2022-05-31-00-57-58-083_mp4-115.jpg"}},{"id":214,"license":1,"file_name":"IMG_6268_MOV-5_jpg.rf.645a695371396bdda03cdd6a31ec5e43.jpg","height":1080,"width":1920,"date_captured":"2025-10-24T13:50:11+00:00","extra":{"name":"IMG_6268_MOV-5.jpg"}},{"id":215,"license":1,"file_name":"bandicam-2022-05-31-00-45-21-525_mp4-180_jpg.rf.f0cf0b05b696201df904e8c8dfefd35f.jpg","height":480,"width":632,"date_captured":"2025-10-24T13:50:11+00:00","extra":{"name":"bandicam-2022-05-31-00-45-21-525_mp4-180.jpg"}},{"id":216,"license":1,"file_name":"IMG_6267_MOV-4_jpg.rf.d9fdc3ff213e032886d122db6da2e046.jpg","height":1080,"width":1920,"date_captured":"2025-10-24T13:50:11+00:00","extra":{"name":"IMG_6267_MOV-4.jpg"}},{"id":217,"license":1,"file_name":"IMG_6268_MOV-41_jpg.rf.b3f386d4b3e252c03c8323c8ee46c173.jpg","height":1080,"width":1920,"date_captured":"2025-10-24T13:50:11+00:00","extra":{"name":"IMG_6268_MOV-41.jpg"}},{"id":218,"license":1,"file_name":"bandicam-2022-05-31-00-54-02-951_mp4-36_jpg.rf.b05d8643835457609b7857c2bd949502.jpg","height":480,"width":632,"date_captured":"2025-10-24T13:50:11+00:00","extra":{"name":"bandicam-2022-05-31-00-54-02-951_mp4-36.jpg"}},{"id":219,"license":1,"file_name":"bandicam-2022-05-31-00-54-02-951_mp4-44_jpg.rf.d3f48c8a59f98eb9097faf868f5c1ff5.jpg","height":480,"width":632,"date_captured":"2025-10-24T13:50:11+00:00","extra":{"name":"bandicam-2022-05-31-00-54-02-951_mp4-44.jpg"}},{"id":220,"license":1,"file_name":"IMG_6267_MOV-6_jpg.rf.046baed334a85747ce46599fdc064d78.jpg","height":1080,"width":1920,"date_captured":"2025-10-24T13:50:11+00:00","extra":{"name":"IMG_6267_MOV-6.jpg"}},{"id":221,"license":1,"file_name":"IMG_6267_MOV-5_jpg.rf.69570f9acd2e72da44350351bbcaf5db.jpg","height":1080,"width":1920,"date_captured":"2025-10-24T13:50:11+00:00","extra":{"name":"IMG_6267_MOV-5.jpg"}},{"id":222,"license":1,"file_name":"bandicam-2022-05-31-00-57-58-083_mp4-111_jpg.rf.614d6b3dfcfc7d7f7d8dd5f2aad352cc.jpg","height":480,"width":632,"date_captured":"2025-10-24T13:50:11+00:00","extra":{"name":"bandicam-2022-05-31-00-57-58-083_mp4-111.jpg"}},{"id":223,"license":1,"file_name":"bandicam-2022-05-31-00-57-58-083_mp4-105_jpg.rf.88744921690ed32e4d57abbd15072990.jpg","height":480,"width":632,"date_captured":"2025-10-24T13:50:11+00:00","extra":{"name":"bandicam-2022-05-31-00-57-58-083_mp4-105.jpg"}},{"id":224,"license":1,"file_name":"bandicam-2022-05-31-00-45-21-525_mp4-127_jpg.rf.55e00ff640bbb75cf45aeed373b8b787.jpg","height":480,"width":632,"date_captured":"2025-10-24T13:50:11+00:00","extra":{"name":"bandicam-2022-05-31-00-45-21-525_mp4-127.jpg"}},{"id":225,"license":1,"file_name":"IMG_6268_MOV-16_jpg.rf.0ad560c4bac982ade1fedcde213dd00f.jpg","height":1080,"width":1920,"date_captured":"2025-10-24T13:50:11+00:00","extra":{"name":"IMG_6268_MOV-16.jpg"}},{"id":226,"license":1,"file_name":"bandicam-2022-05-31-00-45-21-525_mp4-16_jpg.rf.d990faa72b322e93c29b0a0aa8ff54a0.jpg","height":480,"width":632,"date_captured":"2025-10-24T13:50:11+00:00","extra":{"name":"bandicam-2022-05-31-00-45-21-525_mp4-16.jpg"}},{"id":227,"license":1,"file_name":"bandicam-2022-05-31-00-45-21-525_mp4-15_jpg.rf.1971da95c5488d959e15cbe6da5309a3.jpg","height":480,"width":632,"date_captured":"2025-10-24T13:50:11+00:00","extra":{"name":"bandicam-2022-05-31-00-45-21-525_mp4-15.jpg"}},{"id":228,"license":1,"file_name":"IMG_6264_MOV-79_jpg.rf.4b9372a7bf61632eb904bd4dc8316d31.jpg","height":1080,"width":1920,"date_captured":"2025-10-24T13:50:11+00:00","extra":{"name":"IMG_6264_MOV-79.jpg"}},{"id":229,"license":1,"file_name":"bandicam-2022-05-31-00-54-02-951_mp4-88_jpg.rf.c1a4139aed4bb90c0864e9b40eaabfbb.jpg","height":480,"width":632,"date_captured":"2025-10-24T13:50:11+00:00","extra":{"name":"bandicam-2022-05-31-00-54-02-951_mp4-88.jpg"}},{"id":230,"license":1,"file_name":"bandicam-2022-05-31-00-54-02-951_mp4-63_jpg.rf.1abba98688e03bf859dc58a646bd8c17.jpg","height":480,"width":632,"date_captured":"2025-10-24T13:50:11+00:00","extra":{"name":"bandicam-2022-05-31-00-54-02-951_mp4-63.jpg"}},{"id":231,"license":1,"file_name":"IMG_6267_MOV-44_jpg.rf.80aab099467fed8bcf021f8aa7f40683.jpg","height":1080,"width":1920,"date_captured":"2025-10-24T13:50:11+00:00","extra":{"name":"IMG_6267_MOV-44.jpg"}},{"id":232,"license":1,"file_name":"bandicam-2022-05-31-00-54-02-951_mp4-45_jpg.rf.a8d87d26c8fc8fc59e25835bd8d25984.jpg","height":480,"width":632,"date_captured":"2025-10-24T13:50:11+00:00","extra":{"name":"bandicam-2022-05-31-00-54-02-951_mp4-45.jpg"}},{"id":233,"license":1,"file_name":"bandicam-2022-05-31-00-45-21-525_mp4-183_jpg.rf.14822e2a341247ad905a881b9dbafae5.jpg","height":480,"width":632,"date_captured":"2025-10-24T13:50:11+00:00","extra":{"name":"bandicam-2022-05-31-00-45-21-525_mp4-183.jpg"}},{"id":234,"license":1,"file_name":"bandicam-2022-05-31-00-45-21-525_mp4-256_jpg.rf.66f452d4e55195a9a530f393bc71747c.jpg","height":480,"width":632,"date_captured":"2025-10-24T13:50:11+00:00","extra":{"name":"bandicam-2022-05-31-00-45-21-525_mp4-256.jpg"}},{"id":235,"license":1,"file_name":"bandicam-2022-05-31-00-57-58-083_mp4-117_jpg.rf.c0313790758b00eafc46de1112aa0a78.jpg","height":480,"width":632,"date_captured":"2025-10-24T13:50:11+00:00","extra":{"name":"bandicam-2022-05-31-00-57-58-083_mp4-117.jpg"}},{"id":236,"license":1,"file_name":"bandicam-2022-05-31-00-45-21-525_mp4-11_jpg.rf.6925daf0cf9af1ca519820e3dcd57373.jpg","height":480,"width":632,"date_captured":"2025-10-24T13:50:11+00:00","extra":{"name":"bandicam-2022-05-31-00-45-21-525_mp4-11.jpg"}},{"id":237,"license":1,"file_name":"bandicam-2022-05-31-00-45-21-525_mp4-241_jpg.rf.77ea42a62ea30ded4ecbc5d134852a43.jpg","height":480,"width":632,"date_captured":"2025-10-24T13:50:11+00:00","extra":{"name":"bandicam-2022-05-31-00-45-21-525_mp4-241.jpg"}},{"id":238,"license":1,"file_name":"bandicam-2022-05-31-00-45-21-525_mp4-30_jpg.rf.a0a15d789f76734de70ffe027339d86a.jpg","height":480,"width":632,"date_captured":"2025-10-24T13:50:11+00:00","extra":{"name":"bandicam-2022-05-31-00-45-21-525_mp4-30.jpg"}},{"id":239,"license":1,"file_name":"IMG_6273_MOV-10_jpg.rf.27f8c79f6288bf4afb89526d53596c5e.jpg","height":1080,"width":1920,"date_captured":"2025-10-24T13:50:11+00:00","extra":{"name":"IMG_6273_MOV-10.jpg"}},{"id":240,"license":1,"file_name":"bandicam-2022-05-31-00-45-21-525_mp4-89_jpg.rf.43f3ed5f8c95a31f34427e2a5783f91f.jpg","height":480,"width":632,"date_captured":"2025-10-24T13:50:11+00:00","extra":{"name":"bandicam-2022-05-31-00-45-21-525_mp4-89.jpg"}},{"id":241,"license":1,"file_name":"bandicam-2022-05-31-00-45-21-525_mp4-64_jpg.rf.a5d79330a11d215ad6fc2bb7beb3eab9.jpg","height":480,"width":632,"date_captured":"2025-10-24T13:50:11+00:00","extra":{"name":"bandicam-2022-05-31-00-45-21-525_mp4-64.jpg"}},{"id":242,"license":1,"file_name":"bandicam-2022-05-31-00-48-19-946_mp4-39_jpg.rf.bc4e77ed22a3e3e15debcad0ca382e4d.jpg","height":480,"width":632,"date_captured":"2025-10-24T13:50:11+00:00","extra":{"name":"bandicam-2022-05-31-00-48-19-946_mp4-39.jpg"}},{"id":243,"license":1,"file_name":"bandicam-2022-05-31-00-45-21-525_mp4-34_jpg.rf.7c415950b5f2feeefb1691013b1b52c8.jpg","height":480,"width":632,"date_captured":"2025-10-24T13:50:11+00:00","extra":{"name":"bandicam-2022-05-31-00-45-21-525_mp4-34.jpg"}},{"id":244,"license":1,"file_name":"bandicam-2022-05-31-00-45-21-525_mp4-99_jpg.rf.93c5d51420f4088ad4bf885a4b74539e.jpg","height":480,"width":632,"date_captured":"2025-10-24T13:50:11+00:00","extra":{"name":"bandicam-2022-05-31-00-45-21-525_mp4-99.jpg"}},{"id":245,"license":1,"file_name":"bandicam-2022-05-31-00-48-19-946_mp4-46_jpg.rf.7b1e83632e114a42d7da79877f76f438.jpg","height":480,"width":632,"date_captured":"2025-10-24T13:50:11+00:00","extra":{"name":"bandicam-2022-05-31-00-48-19-946_mp4-46.jpg"}},{"id":246,"license":1,"file_name":"bandicam-2022-05-31-00-48-19-946_mp4-27_jpg.rf.8578ad6244acf9364db719daae2053b6.jpg","height":480,"width":632,"date_captured":"2025-10-24T13:50:11+00:00","extra":{"name":"bandicam-2022-05-31-00-48-19-946_mp4-27.jpg"}},{"id":247,"license":1,"file_name":"bandicam-2022-05-31-00-45-21-525_mp4-96_jpg.rf.5673645416c32bc506804618d49e5e29.jpg","height":480,"width":632,"date_captured":"2025-10-24T13:50:11+00:00","extra":{"name":"bandicam-2022-05-31-00-45-21-525_mp4-96.jpg"}},{"id":248,"license":1,"file_name":"bandicam-2022-05-31-00-53-28-784_mp4-5_jpg.rf.bc35804b051f4a213092317d597bc45d.jpg","height":480,"width":632,"date_captured":"2025-10-24T13:50:11+00:00","extra":{"name":"bandicam-2022-05-31-00-53-28-784_mp4-5.jpg"}},{"id":249,"license":1,"file_name":"bandicam-2022-05-31-00-57-58-083_mp4-129_jpg.rf.af8d3e01d59edcd9eaa3af366cb693ac.jpg","height":480,"width":632,"date_captured":"2025-10-24T13:50:11+00:00","extra":{"name":"bandicam-2022-05-31-00-57-58-083_mp4-129.jpg"}},{"id":250,"license":1,"file_name":"bandicam-2022-05-31-00-45-21-525_mp4-35_jpg.rf.fa5e0f2ecfd102e7385387e898385404.jpg","height":480,"width":632,"date_captured":"2025-10-24T13:50:11+00:00","extra":{"name":"bandicam-2022-05-31-00-45-21-525_mp4-35.jpg"}},{"id":251,"license":1,"file_name":"bandicam-2022-05-31-00-45-21-525_mp4-67_jpg.rf.509a68449533d292fdda7d0f9e682017.jpg","height":480,"width":632,"date_captured":"2025-10-24T13:50:11+00:00","extra":{"name":"bandicam-2022-05-31-00-45-21-525_mp4-67.jpg"}},{"id":252,"license":1,"file_name":"bandicam-2022-05-31-00-45-21-525_mp4-78_jpg.rf.a19736ad1204797a4565d5d2cef07729.jpg","height":480,"width":632,"date_captured":"2025-10-24T13:50:11+00:00","extra":{"name":"bandicam-2022-05-31-00-45-21-525_mp4-78.jpg"}},{"id":253,"license":1,"file_name":"bandicam-2022-05-31-00-48-19-946_mp4-96_jpg.rf.38a088731f3c46389cf3abfc9551d5de.jpg","height":480,"width":632,"date_captured":"2025-10-24T13:50:11+00:00","extra":{"name":"bandicam-2022-05-31-00-48-19-946_mp4-96.jpg"}},{"id":254,"license":1,"file_name":"bandicam-2022-05-31-00-45-21-525_mp4-75_jpg.rf.d1d2dee7c256721366f08e7016c81ee5.jpg","height":480,"width":632,"date_captured":"2025-10-24T13:50:11+00:00","extra":{"name":"bandicam-2022-05-31-00-45-21-525_mp4-75.jpg"}},{"id":255,"license":1,"file_name":"bandicam-2022-05-31-00-54-02-951_mp4-20_jpg.rf.bd21c26ed1a96e6644803c9084d25382.jpg","height":480,"width":632,"date_captured":"2025-10-24T13:50:11+00:00","extra":{"name":"bandicam-2022-05-31-00-54-02-951_mp4-20.jpg"}},{"id":256,"license":1,"file_name":"bandicam-2022-05-31-00-54-02-951_mp4-11_jpg.rf.b2c0be43f5dad589613c4812654252a7.jpg","height":480,"width":632,"date_captured":"2025-10-24T13:50:11+00:00","extra":{"name":"bandicam-2022-05-31-00-54-02-951_mp4-11.jpg"}},{"id":257,"license":1,"file_name":"bandicam-2022-05-31-00-53-28-784_mp4-1_jpg.rf.641fd2d34d24f4eb922f49ee614e98c6.jpg","height":480,"width":632,"date_captured":"2025-10-24T13:50:11+00:00","extra":{"name":"bandicam-2022-05-31-00-53-28-784_mp4-1.jpg"}},{"id":258,"license":1,"file_name":"bandicam-2022-05-31-00-53-28-784_mp4-47_jpg.rf.be32b4deca43320274bbad516abfedbd.jpg","height":480,"width":632,"date_captured":"2025-10-24T13:50:11+00:00","extra":{"name":"bandicam-2022-05-31-00-53-28-784_mp4-47.jpg"}},{"id":259,"license":1,"file_name":"bandicam-2022-05-31-00-57-58-083_mp4-35_jpg.rf.a53986a05fc601efc0bb14c4b6611a31.jpg","height":480,"width":632,"date_captured":"2025-10-24T13:50:11+00:00","extra":{"name":"bandicam-2022-05-31-00-57-58-083_mp4-35.jpg"}},{"id":260,"license":1,"file_name":"bandicam-2022-05-31-00-53-28-784_mp4-46_jpg.rf.90c30882e646a5251faca22f837369f9.jpg","height":480,"width":632,"date_captured":"2025-10-24T13:50:11+00:00","extra":{"name":"bandicam-2022-05-31-00-53-28-784_mp4-46.jpg"}},{"id":261,"license":1,"file_name":"bandicam-2022-05-31-00-53-28-784_mp4-36_jpg.rf.2b3f3b138753a7eb077a9bbe18f47c01.jpg","height":480,"width":632,"date_captured":"2025-10-24T13:50:11+00:00","extra":{"name":"bandicam-2022-05-31-00-53-28-784_mp4-36.jpg"}},{"id":262,"license":1,"file_name":"IMG_6259_MOV-56_jpg.rf.dcb1305a6809310f4ba4aae19e2eeaf6.jpg","height":1080,"width":1920,"date_captured":"2025-10-24T13:50:11+00:00","extra":{"name":"IMG_6259_MOV-56.jpg"}},{"id":263,"license":1,"file_name":"bandicam-2022-05-31-00-53-28-784_mp4-11_jpg.rf.6ec4c3d4d8faf0ae9705bb00191e18f6.jpg","height":480,"width":632,"date_captured":"2025-10-24T13:50:11+00:00","extra":{"name":"bandicam-2022-05-31-00-53-28-784_mp4-11.jpg"}},{"id":264,"license":1,"file_name":"bandicam-2022-05-31-00-53-28-784_mp4-39_jpg.rf.045e7db12a91ab01dae7f11f11d29c04.jpg","height":480,"width":632,"date_captured":"2025-10-24T13:50:11+00:00","extra":{"name":"bandicam-2022-05-31-00-53-28-784_mp4-39.jpg"}}],"annotations":[{"id":1,"image_id":0,"category_id":1,"bbox":[188,109,91.03,65],"area":5916.95,"segmentation":[],"iscrowd":0},{"id":2,"image_id":1,"category_id":2,"bbox":[139,134,98.55,75],"area":7391.25,"segmentation":[],"iscrowd":0},{"id":3,"image_id":1,"category_id":2,"bbox":[565,203,66.53,78.75],"area":5239.238,"segmentation":[],"iscrowd":0},{"id":4,"image_id":2,"category_id":1,"bbox":[77,199,103.88,43.75],"area":4544.75,"segmentation":[],"iscrowd":0},{"id":5,"image_id":3,"category_id":1,"bbox":[842,421,110.32,84.53],"area":9325.35,"segmentation":[],"iscrowd":0},{"id":6,"image_id":4,"category_id":1,"bbox":[108,179,64.83,80],"area":5186.4,"segmentation":[],"iscrowd":0},{"id":7,"image_id":5,"category_id":2,"bbox":[871,360,169.34,173.33],"area":29351.702,"segmentation":[],"iscrowd":0},{"id":8,"image_id":6,"category_id":2,"bbox":[400,154,83.44,81.25],"area":6779.5,"segmentation":[],"iscrowd":0},{"id":9,"image_id":6,"category_id":2,"bbox":[0,221,97.97,107.5],"area":10531.775,"segmentation":[],"iscrowd":0},{"id":10,"image_id":7,"category_id":2,"bbox":[1088,413,172.57,143.33],"area":24734.458,"segmentation":[],"iscrowd":0},{"id":11,"image_id":8,"category_id":2,"bbox":[971,400,135.97,133.33],"area":18128.88,"segmentation":[],"iscrowd":0},{"id":12,"image_id":9,"category_id":1,"bbox":[260,163,108.49,78.75],"area":8543.587,"segmentation":[],"iscrowd":0},{"id":13,"image_id":10,"category_id":2,"bbox":[289,185,108.48,58.75],"area":6373.2,"segmentation":[],"iscrowd":0},{"id":14,"image_id":11,"category_id":1,"bbox":[722,341,89.98,92.58],"area":8330.348,"segmentation":[],"iscrowd":0},{"id":15,"image_id":12,"category_id":2,"bbox":[117,184,121.05,71.25],"area":8624.813,"segmentation":[],"iscrowd":0},{"id":16,"image_id":13,"category_id":2,"bbox":[149,263,117.29,82.5],"area":9676.425,"segmentation":[],"iscrowd":0},{"id":17,"image_id":14,"category_id":1,"bbox":[25,191,77.36,52.5],"area":4061.4,"segmentation":[],"iscrowd":0},{"id":18,"image_id":15,"category_id":1,"bbox":[259,171,86,61.25],"area":5267.5,"segmentation":[],"iscrowd":0},{"id":19,"image_id":16,"category_id":2,"bbox":[94,288,139.8,63.75],"area":8912.25,"segmentation":[],"iscrowd":0},{"id":20,"image_id":17,"category_id":1,"bbox":[1035,1076,276.72,125.78],"area":34805.842,"segmentation":[],"iscrowd":0},{"id":21,"image_id":17,"category_id":1,"bbox":[1148,1263,148.38,169.41],"area":25137.056,"segmentation":[],"iscrowd":0},{"id":22,"image_id":18,"category_id":2,"bbox":[232,276,118.95,86.25],"area":10259.438,"segmentation":[],"iscrowd":0},{"id":23,"image_id":19,"category_id":2,"bbox":[183,296,138.92,93.75],"area":13023.75,"segmentation":[],"iscrowd":0},{"id":24,"image_id":20,"category_id":2,"bbox":[486,326,109.06,85],"area":9270.1,"segmentation":[],"iscrowd":0},{"id":25,"image_id":21,"category_id":2,"bbox":[895,483,172.66,136.67],"area":23597.442,"segmentation":[],"iscrowd":0},{"id":26,"image_id":22,"category_id":1,"bbox":[955,401,63.53,68.77],"area":4368.958,"segmentation":[],"iscrowd":0},{"id":27,"image_id":23,"category_id":1,"bbox":[75,271,88.88,42.5],"area":3777.4,"segmentation":[],"iscrowd":0},{"id":28,"image_id":24,"category_id":1,"bbox":[309,184,93.98,91.25],"area":8575.675,"segmentation":[],"iscrowd":0},{"id":29,"image_id":25,"category_id":2,"bbox":[435,314,125.29,97.5],"area":12215.775,"segmentation":[],"iscrowd":0},{"id":30,"image_id":26,"category_id":1,"bbox":[861,510,72.72,116.67],"area":8484.242,"segmentation":[],"iscrowd":0},{"id":31,"image_id":27,"category_id":1,"bbox":[248,173,94.75,63.75],"area":6040.313,"segmentation":[],"iscrowd":0},{"id":32,"image_id":28,"category_id":2,"bbox":[401,295,121.52,97.5],"area":11848.2,"segmentation":[],"iscrowd":0},{"id":33,"image_id":29,"category_id":1,"bbox":[125,138,101.06,68.75],"area":6947.875,"segmentation":[],"iscrowd":0},{"id":34,"image_id":30,"category_id":1,"bbox":[928,520,126,73.33],"area":9239.58,"segmentation":[],"iscrowd":0},{"id":35,"image_id":31,"category_id":2,"bbox":[397,130,93.44,75],"area":7008,"segmentation":[],"iscrowd":0},{"id":36,"image_id":32,"category_id":1,"bbox":[901,420,139.34,120],"area":16720.8,"segmentation":[],"iscrowd":0},{"id":37,"image_id":33,"category_id":1,"bbox":[285,53,72.25,56.25],"area":4064.063,"segmentation":[],"iscrowd":0},{"id":38,"image_id":34,"category_id":2,"bbox":[550,285,81.53,87.5],"area":7133.875,"segmentation":[],"iscrowd":0},{"id":39,"image_id":35,"category_id":2,"bbox":[1408,300,95.8,83.33],"area":7983.014,"segmentation":[],"iscrowd":0},{"id":40,"image_id":36,"category_id":1,"bbox":[252,129,82.26,68.75],"area":5655.375,"segmentation":[],"iscrowd":0},{"id":41,"image_id":37,"category_id":1,"bbox":[289,98,74.74,52.5],"area":3923.85,"segmentation":[],"iscrowd":0},{"id":42,"image_id":38,"category_id":1,"bbox":[255,184,64.76,83.75],"area":5423.65,"segmentation":[],"iscrowd":0},{"id":43,"image_id":39,"category_id":1,"bbox":[838,397,136.04,130],"area":17685.2,"segmentation":[],"iscrowd":0},{"id":44,"image_id":40,"category_id":2,"bbox":[1395,173,112.46,90],"area":10121.4,"segmentation":[],"iscrowd":0},{"id":45,"image_id":41,"category_id":2,"bbox":[1148,117,139.23,106.67],"area":14851.664,"segmentation":[],"iscrowd":0},{"id":46,"image_id":41,"category_id":1,"bbox":[768,483,102.75,83.33],"area":8562.157,"segmentation":[],"iscrowd":0},{"id":47,"image_id":42,"category_id":1,"bbox":[310,119,59.74,48.75],"area":2912.325,"segmentation":[],"iscrowd":0},{"id":48,"image_id":43,"category_id":1,"bbox":[387,188,80.95,58.75],"area":4755.813,"segmentation":[],"iscrowd":0},{"id":49,"image_id":44,"category_id":1,"bbox":[275,153,77.25,72.5],"area":5600.625,"segmentation":[],"iscrowd":0},{"id":50,"image_id":45,"category_id":2,"bbox":[971,147,86,100],"area":8600,"segmentation":[],"iscrowd":0},{"id":51,"image_id":46,"category_id":1,"bbox":[313,288,95.97,63.75],"area":6118.087,"segmentation":[],"iscrowd":0},{"id":52,"image_id":47,"category_id":1,"bbox":[293,280,99.73,71.25],"area":7105.763,"segmentation":[],"iscrowd":0},{"id":53,"image_id":48,"category_id":1,"bbox":[974,458,55.07,49.29],"area":2714.4,"segmentation":[],"iscrowd":0},{"id":54,"image_id":49,"category_id":2,"bbox":[1141,300,102.58,70],"area":7180.6,"segmentation":[],"iscrowd":0},{"id":55,"image_id":49,"category_id":2,"bbox":[441,720,169.53,100],"area":16953,"segmentation":[],"iscrowd":0},{"id":56,"image_id":50,"category_id":2,"bbox":[1581,517,129.04,80],"area":10323.2,"segmentation":[],"iscrowd":0},{"id":57,"image_id":50,"category_id":2,"bbox":[765,557,136.07,116.67],"area":15875.287,"segmentation":[],"iscrowd":0},{"id":58,"image_id":51,"category_id":2,"bbox":[1641,470,145.67,110],"area":16023.7,"segmentation":[],"iscrowd":0},{"id":59,"image_id":51,"category_id":2,"bbox":[838,537,146.03,80],"area":11682.4,"segmentation":[],"iscrowd":0},{"id":60,"image_id":52,"category_id":1,"bbox":[1064,1083,382.53,144.37],"area":55225.856,"segmentation":[],"iscrowd":0},{"id":61,"image_id":52,"category_id":1,"bbox":[1250,1369,271.44,169.36],"area":45971.078,"segmentation":[],"iscrowd":0},{"id":62,"image_id":53,"category_id":2,"bbox":[292,148,115.97,85],"area":9857.45,"segmentation":[],"iscrowd":0},{"id":63,"image_id":54,"category_id":2,"bbox":[1248,300,95.87,70],"area":6710.9,"segmentation":[],"iscrowd":0},{"id":64,"image_id":54,"category_id":2,"bbox":[898,500,129.34,96.67],"area":12503.298,"segmentation":[],"iscrowd":0},{"id":65,"image_id":55,"category_id":2,"bbox":[455,260,114.05,67.5],"area":7698.375,"segmentation":[],"iscrowd":0},{"id":66,"image_id":56,"category_id":2,"bbox":[1168,297,125.89,93.33],"area":11749.314,"segmentation":[],"iscrowd":0},{"id":67,"image_id":56,"category_id":2,"bbox":[508,803,116.19,120],"area":13942.8,"segmentation":[],"iscrowd":0},{"id":68,"image_id":57,"category_id":2,"bbox":[268,160,108.49,81.25],"area":8814.813,"segmentation":[],"iscrowd":0},{"id":69,"image_id":58,"category_id":2,"bbox":[448,91,139.64,111.25],"area":15534.95,"segmentation":[],"iscrowd":0},{"id":70,"image_id":59,"category_id":2,"bbox":[340,73,110.95,86.25],"area":9569.438,"segmentation":[],"iscrowd":0},{"id":71,"image_id":60,"category_id":1,"bbox":[222,184,96.01,61.25],"area":5880.613,"segmentation":[],"iscrowd":0},{"id":72,"image_id":61,"category_id":2,"bbox":[945,493,155.98,130],"area":20277.4,"segmentation":[],"iscrowd":0},{"id":73,"image_id":62,"category_id":1,"bbox":[100,170,102.64,70],"area":7184.8,"segmentation":[],"iscrowd":0},{"id":74,"image_id":62,"category_id":2,"bbox":[562,224,70,68],"area":4760,"segmentation":[],"iscrowd":0},{"id":75,"image_id":63,"category_id":1,"bbox":[199,185,89.78,60],"area":5386.8,"segmentation":[],"iscrowd":0},{"id":76,"image_id":64,"category_id":1,"bbox":[180,176,86.04,60],"area":5162.4,"segmentation":[],"iscrowd":0},{"id":77,"image_id":65,"category_id":2,"bbox":[263,93,114.74,80],"area":9179.2,"segmentation":[],"iscrowd":0},{"id":78,"image_id":66,"category_id":1,"bbox":[911,410,116.01,113.33],"area":13147.413,"segmentation":[],"iscrowd":0},{"id":79,"image_id":67,"category_id":1,"bbox":[804,377,78.86,90.91],"area":7169.163,"segmentation":[],"iscrowd":0},{"id":80,"image_id":68,"category_id":1,"bbox":[715,386,82.29,48.05],"area":3954.035,"segmentation":[],"iscrowd":0},{"id":81,"image_id":69,"category_id":1,"bbox":[447,77,76.96,56.67],"area":4361.323,"segmentation":[],"iscrowd":0},{"id":82,"image_id":69,"category_id":1,"bbox":[619,70,56.27,90],"area":5064.3,"segmentation":[],"iscrowd":0},{"id":83,"image_id":69,"category_id":1,"bbox":[56,32,51.53,46.67],"area":2404.905,"segmentation":[],"iscrowd":0},{"id":84,"image_id":69,"category_id":1,"bbox":[364,60,61.38,65],"area":3989.7,"segmentation":[],"iscrowd":0},{"id":85,"image_id":70,"category_id":2,"bbox":[663,558,276.95,115],"area":31849.25,"segmentation":[],"iscrowd":0},{"id":86,"image_id":71,"category_id":1,"bbox":[478,390,119.15,37.22],"area":4434.763,"segmentation":[],"iscrowd":0},{"id":87,"image_id":71,"category_id":1,"bbox":[593,442,67.78,37.22],"area":2522.772,"segmentation":[],"iscrowd":0},{"id":88,"image_id":72,"category_id":2,"bbox":[517,670,159,175],"area":27825,"segmentation":[],"iscrowd":0},{"id":89,"image_id":73,"category_id":1,"bbox":[571,290,83.62,70],"area":5853.4,"segmentation":[],"iscrowd":0},{"id":90,"image_id":73,"category_id":1,"bbox":[499,328,95.65,90],"area":8608.5,"segmentation":[],"iscrowd":0},{"id":91,"image_id":73,"category_id":1,"bbox":[598,392,104.35,66],"area":6887.1,"segmentation":[],"iscrowd":0},{"id":92,"image_id":74,"category_id":2,"bbox":[898,147,112.69,110],"area":12395.9,"segmentation":[],"iscrowd":0},{"id":93,"image_id":75,"category_id":2,"bbox":[881,267,126.02,126.67],"area":15962.953,"segmentation":[],"iscrowd":0},{"id":94,"image_id":76,"category_id":1,"bbox":[265,193,131.2,118.57],"area":15556.384,"segmentation":[],"iscrowd":0},{"id":95,"image_id":76,"category_id":1,"bbox":[512,274,141.08,121.43],"area":17131.344,"segmentation":[],"iscrowd":0},{"id":96,"image_id":77,"category_id":2,"bbox":[487,689,161.54,155.17],"area":25066.162,"segmentation":[],"iscrowd":0},{"id":97,"image_id":78,"category_id":2,"bbox":[623,408,276.97,162.5],"area":45007.625,"segmentation":[],"iscrowd":0},{"id":98,"image_id":79,"category_id":2,"bbox":[389,170,205.38,172.86],"area":35501.987,"segmentation":[],"iscrowd":0},{"id":99,"image_id":80,"category_id":2,"bbox":[119,78,378.02,365],"area":137977.3,"segmentation":[],"iscrowd":0},{"id":100,"image_id":81,"category_id":1,"bbox":[1750,1082,272.19,140.02],"area":38112.044,"segmentation":[],"iscrowd":0},{"id":101,"image_id":81,"category_id":1,"bbox":[1214,1381,262.94,113.91],"area":29951.495,"segmentation":[],"iscrowd":0},{"id":102,"image_id":82,"category_id":1,"bbox":[376,207,138.02,118.33],"area":16331.907,"segmentation":[],"iscrowd":0},{"id":103,"image_id":83,"category_id":2,"bbox":[432,880,184.03,215],"area":39566.45,"segmentation":[],"iscrowd":0},{"id":104,"image_id":84,"category_id":2,"bbox":[662,240,136.22,90],"area":12259.8,"segmentation":[],"iscrowd":0},{"id":105,"image_id":85,"category_id":2,"bbox":[591,445,361.95,172.5],"area":62436.375,"segmentation":[],"iscrowd":0},{"id":106,"image_id":86,"category_id":2,"bbox":[868,233,106.04,103.33],"area":10957.113,"segmentation":[],"iscrowd":0},{"id":107,"image_id":87,"category_id":2,"bbox":[437,880,234,145],"area":33930,"segmentation":[],"iscrowd":0},{"id":108,"image_id":88,"category_id":2,"bbox":[492,875,154.01,165],"area":25411.65,"segmentation":[],"iscrowd":0},{"id":109,"image_id":89,"category_id":2,"bbox":[377,945,159.06,175],"area":27835.5,"segmentation":[],"iscrowd":0},{"id":110,"image_id":90,"category_id":2,"bbox":[838,217,106.05,120],"area":12726,"segmentation":[],"iscrowd":0},{"id":111,"image_id":91,"category_id":2,"bbox":[566,300,150.95,190],"area":28680.5,"segmentation":[],"iscrowd":0},{"id":112,"image_id":91,"category_id":2,"bbox":[546,815,165.94,310],"area":51441.4,"segmentation":[],"iscrowd":0},{"id":113,"image_id":92,"category_id":2,"bbox":[915,523,149.33,143.33],"area":21403.469,"segmentation":[],"iscrowd":0},{"id":114,"image_id":93,"category_id":2,"bbox":[472,815,174.01,205],"area":35672.05,"segmentation":[],"iscrowd":0},{"id":115,"image_id":94,"category_id":2,"bbox":[311,138,199.68,221.67],"area":44263.066,"segmentation":[],"iscrowd":0},{"id":116,"image_id":95,"category_id":2,"bbox":[527,655,173.99,185],"area":32188.15,"segmentation":[],"iscrowd":0},{"id":117,"image_id":96,"category_id":1,"bbox":[1025,1130,226.8,75.06],"area":17023.608,"segmentation":[],"iscrowd":0},{"id":118,"image_id":96,"category_id":1,"bbox":[1023,1258,168,144.03],"area":24197.04,"segmentation":[],"iscrowd":0},{"id":119,"image_id":97,"category_id":1,"bbox":[1224,1397,370.94,163.18],"area":60529.989,"segmentation":[],"iscrowd":0},{"id":120,"image_id":98,"category_id":2,"bbox":[938,187,106,73.33],"area":7772.98,"segmentation":[],"iscrowd":0},{"id":121,"image_id":99,"category_id":2,"bbox":[848,217,162.69,116.67],"area":18981.042,"segmentation":[],"iscrowd":0},{"id":122,"image_id":100,"category_id":2,"bbox":[821,480,166.03,190],"area":31545.7,"segmentation":[],"iscrowd":0},{"id":123,"image_id":101,"category_id":2,"bbox":[1075,393,129.26,140],"area":18096.4,"segmentation":[],"iscrowd":0},{"id":124,"image_id":102,"category_id":2,"bbox":[1001,347,152.62,146.67],"area":22384.775,"segmentation":[],"iscrowd":0},{"id":125,"image_id":103,"category_id":2,"bbox":[811,193,106.06,103.33],"area":10959.18,"segmentation":[],"iscrowd":0},{"id":126,"image_id":104,"category_id":2,"bbox":[392,915,204.04,145],"area":29585.8,"segmentation":[],"iscrowd":0},{"id":127,"image_id":105,"category_id":1,"bbox":[1001,551,48.45,92.34],"area":4473.873,"segmentation":[],"iscrowd":0},{"id":128,"image_id":106,"category_id":2,"bbox":[382,860,174.06,175],"area":30460.5,"segmentation":[],"iscrowd":0},{"id":129,"image_id":107,"category_id":2,"bbox":[865,253,142.69,143.33],"area":20451.758,"segmentation":[],"iscrowd":0},{"id":130,"image_id":108,"category_id":1,"bbox":[490,1034,69.24,49.07],"area":3397.607,"segmentation":[],"iscrowd":0},{"id":131,"image_id":109,"category_id":2,"bbox":[1045,517,165.93,140],"area":23230.2,"segmentation":[],"iscrowd":0},{"id":132,"image_id":110,"category_id":1,"bbox":[1132,1430,185.25,111.82],"area":20714.655,"segmentation":[],"iscrowd":0},{"id":133,"image_id":111,"category_id":2,"bbox":[407,790,204.03,185],"area":37745.55,"segmentation":[],"iscrowd":0},{"id":134,"image_id":112,"category_id":2,"bbox":[974,0,103.96,110],"area":11435.6,"segmentation":[],"iscrowd":0},{"id":135,"image_id":113,"category_id":1,"bbox":[933,504,42.47,99.65],"area":4232.136,"segmentation":[],"iscrowd":0},{"id":136,"image_id":114,"category_id":1,"bbox":[1028,503,63.18,82.85],"area":5234.463,"segmentation":[],"iscrowd":0},{"id":137,"image_id":115,"category_id":2,"bbox":[407,910,164.05,170],"area":27888.5,"segmentation":[],"iscrowd":0},{"id":138,"image_id":116,"category_id":1,"bbox":[482,1038,71.64,57.26],"area":4102.106,"segmentation":[],"iscrowd":0},{"id":139,"image_id":117,"category_id":2,"bbox":[871,273,149.35,133.33],"area":19912.836,"segmentation":[],"iscrowd":0},{"id":140,"image_id":118,"category_id":1,"bbox":[908,530,69.37,70],"area":4855.9,"segmentation":[],"iscrowd":0},{"id":141,"image_id":119,"category_id":1,"bbox":[1068,450,62.63,66.67],"area":4175.542,"segmentation":[],"iscrowd":0},{"id":142,"image_id":120,"category_id":2,"bbox":[815,407,162.7,153.33],"area":24946.791,"segmentation":[],"iscrowd":0},{"id":143,"image_id":121,"category_id":2,"bbox":[487,900,149.02,170],"area":25333.4,"segmentation":[],"iscrowd":0},{"id":144,"image_id":122,"category_id":2,"bbox":[945,450,145.98,123.33],"area":18003.713,"segmentation":[],"iscrowd":0},{"id":145,"image_id":123,"category_id":1,"bbox":[1001,370,65.99,100],"area":6599,"segmentation":[],"iscrowd":0},{"id":146,"image_id":124,"category_id":2,"bbox":[861,493,116.03,133.33],"area":15470.28,"segmentation":[],"iscrowd":0},{"id":147,"image_id":125,"category_id":1,"bbox":[1154,1194,141.98,68.82],"area":9771.064,"segmentation":[],"iscrowd":0},{"id":148,"image_id":125,"category_id":1,"bbox":[1330,1417,170.36,116.29],"area":19811.164,"segmentation":[],"iscrowd":0},{"id":149,"image_id":126,"category_id":2,"bbox":[845,370,182.68,193.33],"area":35317.524,"segmentation":[],"iscrowd":0},{"id":150,"image_id":127,"category_id":1,"bbox":[363,254,54.72,72.5],"area":3967.2,"segmentation":[],"iscrowd":0},{"id":151,"image_id":128,"category_id":2,"bbox":[881,580,132.68,150],"area":19902,"segmentation":[],"iscrowd":0},{"id":152,"image_id":129,"category_id":2,"bbox":[831,427,129.37,153.33],"area":19836.302,"segmentation":[],"iscrowd":0},{"id":153,"image_id":130,"category_id":1,"bbox":[841,530,82.72,113.33],"area":9374.658,"segmentation":[],"iscrowd":0},{"id":154,"image_id":131,"category_id":1,"bbox":[911,458,71.45,63.56],"area":4541.362,"segmentation":[],"iscrowd":0},{"id":155,"image_id":132,"category_id":1,"bbox":[1031,333,79.31,126.67],"area":10046.198,"segmentation":[],"iscrowd":0},{"id":156,"image_id":133,"category_id":1,"bbox":[903,449,74.3,71.14],"area":5285.702,"segmentation":[],"iscrowd":0},{"id":157,"image_id":134,"category_id":2,"bbox":[895,593,192.65,150],"area":28897.5,"segmentation":[],"iscrowd":0},{"id":158,"image_id":135,"category_id":1,"bbox":[1005,410,46,63.33],"area":2913.18,"segmentation":[],"iscrowd":0},{"id":159,"image_id":136,"category_id":2,"bbox":[985,447,142.63,166.67],"area":23772.142,"segmentation":[],"iscrowd":0},{"id":160,"image_id":137,"category_id":1,"bbox":[945,370,49.36,170],"area":8391.2,"segmentation":[],"iscrowd":0},{"id":161,"image_id":138,"category_id":2,"bbox":[785,400,222.69,150],"area":33403.5,"segmentation":[],"iscrowd":0},{"id":162,"image_id":139,"category_id":1,"bbox":[983,462,40.78,48.68],"area":1985.17,"segmentation":[],"iscrowd":0},{"id":163,"image_id":140,"category_id":1,"bbox":[868,517,62.72,103.33],"area":6480.858,"segmentation":[],"iscrowd":0},{"id":164,"image_id":141,"category_id":1,"bbox":[968,360,76,90],"area":6840,"segmentation":[],"iscrowd":0},{"id":165,"image_id":142,"category_id":1,"bbox":[878,513,62.72,86.67],"area":5435.942,"segmentation":[],"iscrowd":0},{"id":166,"image_id":143,"category_id":1,"bbox":[961,477,89.33,106.67],"area":9528.831,"segmentation":[],"iscrowd":0},{"id":167,"image_id":144,"category_id":1,"bbox":[865,490,46.06,73.33],"area":3377.58,"segmentation":[],"iscrowd":0},{"id":168,"image_id":145,"category_id":1,"bbox":[935,420,72.69,96.67],"area":7026.942,"segmentation":[],"iscrowd":0},{"id":169,"image_id":146,"category_id":1,"bbox":[397,850,69.1,140],"area":9674,"segmentation":[],"iscrowd":0},{"id":170,"image_id":146,"category_id":1,"bbox":[531,930,105.93,65],"area":6885.45,"segmentation":[],"iscrowd":0},{"id":171,"image_id":147,"category_id":1,"bbox":[951,487,62.68,83.33],"area":5223.124,"segmentation":[],"iscrowd":0},{"id":172,"image_id":148,"category_id":1,"bbox":[925,370,69.36,190],"area":13178.4,"segmentation":[],"iscrowd":0},{"id":173,"image_id":149,"category_id":1,"bbox":[745,503,142.74,96.67],"area":13798.676,"segmentation":[],"iscrowd":0},{"id":174,"image_id":150,"category_id":1,"bbox":[955,370,59.35,170],"area":10089.5,"segmentation":[],"iscrowd":0},{"id":175,"image_id":151,"category_id":2,"bbox":[608,437,169.46,140],"area":23724.4,"segmentation":[],"iscrowd":0},{"id":176,"image_id":152,"category_id":2,"bbox":[731,343,176.07,173.33],"area":30518.213,"segmentation":[],"iscrowd":0},{"id":177,"image_id":153,"category_id":2,"bbox":[328,887,172.92,173.33],"area":29972.224,"segmentation":[],"iscrowd":0},{"id":178,"image_id":154,"category_id":1,"bbox":[1011,520,65.99,123.33],"area":8138.547,"segmentation":[],"iscrowd":0},{"id":179,"image_id":155,"category_id":2,"bbox":[968,513,105.99,93.33],"area":9892.047,"segmentation":[],"iscrowd":0},{"id":180,"image_id":156,"category_id":1,"bbox":[517,805,104.03,175],"area":18205.25,"segmentation":[],"iscrowd":0},{"id":181,"image_id":157,"category_id":2,"bbox":[1165,507,135.89,136.67],"area":18572.086,"segmentation":[],"iscrowd":0},{"id":182,"image_id":158,"category_id":1,"bbox":[805,483,89.4,110],"area":9834,"segmentation":[],"iscrowd":0},{"id":183,"image_id":159,"category_id":1,"bbox":[492,645,84.05,170],"area":14288.5,"segmentation":[],"iscrowd":0},{"id":184,"image_id":159,"category_id":1,"bbox":[662,785,83.97,110],"area":9236.7,"segmentation":[],"iscrowd":0},{"id":185,"image_id":160,"category_id":2,"bbox":[851,473,72.72,70],"area":5090.4,"segmentation":[],"iscrowd":0},{"id":186,"image_id":160,"category_id":2,"bbox":[658,737,96.13,96.67],"area":9292.887,"segmentation":[],"iscrowd":0},{"id":187,"image_id":161,"category_id":1,"bbox":[667,846,37.08,76.95],"area":2853.306,"segmentation":[],"iscrowd":0},{"id":188,"image_id":162,"category_id":2,"bbox":[1095,540,139.25,146.67],"area":20423.797,"segmentation":[],"iscrowd":0},{"id":189,"image_id":163,"category_id":1,"bbox":[955,520,112.66,120],"area":13519.2,"segmentation":[],"iscrowd":0},{"id":190,"image_id":164,"category_id":1,"bbox":[841,480,146.03,103.33],"area":15089.28,"segmentation":[],"iscrowd":0},{"id":191,"image_id":165,"category_id":2,"bbox":[1271,80,125.84,110],"area":13842.4,"segmentation":[],"iscrowd":0},{"id":192,"image_id":166,"category_id":2,"bbox":[495,957,126.2,90],"area":11358,"segmentation":[],"iscrowd":0},{"id":193,"image_id":166,"category_id":2,"bbox":[818,553,89.4,76.67],"area":6854.298,"segmentation":[],"iscrowd":0},{"id":194,"image_id":167,"category_id":2,"bbox":[968,500,192.62,163.33],"area":31460.625,"segmentation":[],"iscrowd":0},{"id":195,"image_id":168,"category_id":1,"bbox":[302,880,134.11,120],"area":16093.2,"segmentation":[],"iscrowd":0},{"id":196,"image_id":169,"category_id":1,"bbox":[214,970,83.62,110],"area":9198.2,"segmentation":[],"iscrowd":0},{"id":197,"image_id":169,"category_id":2,"bbox":[1128,127,135.9,100],"area":13590,"segmentation":[],"iscrowd":0},{"id":198,"image_id":169,"category_id":2,"bbox":[708,517,102.78,76.67],"area":7880.143,"segmentation":[],"iscrowd":0},{"id":199,"image_id":170,"category_id":1,"bbox":[382,895,114.08,100],"area":11408,"segmentation":[],"iscrowd":0},{"id":200,"image_id":171,"category_id":1,"bbox":[402,895,129.07,85],"area":10970.95,"segmentation":[],"iscrowd":0},{"id":201,"image_id":172,"category_id":2,"bbox":[831,390,202.67,180],"area":36480.6,"segmentation":[],"iscrowd":0},{"id":202,"image_id":173,"category_id":2,"bbox":[975,633,102.66,103.33],"area":10607.858,"segmentation":[],"iscrowd":0},{"id":203,"image_id":174,"category_id":1,"bbox":[938,497,99.34,103.33],"area":10264.802,"segmentation":[],"iscrowd":0},{"id":204,"image_id":175,"category_id":1,"bbox":[835,440,159.36,116.67],"area":18592.531,"segmentation":[],"iscrowd":0},{"id":205,"image_id":176,"category_id":1,"bbox":[387,940,119.08,110],"area":13098.8,"segmentation":[],"iscrowd":0},{"id":206,"image_id":177,"category_id":1,"bbox":[1078,537,145.92,103.33],"area":15077.914,"segmentation":[],"iscrowd":0},{"id":207,"image_id":178,"category_id":1,"bbox":[848,470,56.07,53.33],"area":2990.213,"segmentation":[],"iscrowd":0},{"id":208,"image_id":179,"category_id":2,"bbox":[898,503,126.01,156.67],"area":19741.987,"segmentation":[],"iscrowd":0},{"id":209,"image_id":180,"category_id":2,"bbox":[1288,7,105.85,63.33],"area":6703.48,"segmentation":[],"iscrowd":0},{"id":210,"image_id":180,"category_id":2,"bbox":[1001,367,105.97,106.67],"area":11303.82,"segmentation":[],"iscrowd":0},{"id":211,"image_id":180,"category_id":2,"bbox":[565,800,92.85,93.33],"area":8665.69,"segmentation":[],"iscrowd":0},{"id":212,"image_id":181,"category_id":1,"bbox":[981,490,175.95,70],"area":12316.5,"segmentation":[],"iscrowd":0},{"id":213,"image_id":182,"category_id":1,"bbox":[212,260,82.28,82.5],"area":6788.1,"segmentation":[],"iscrowd":0},{"id":214,"image_id":183,"category_id":2,"bbox":[1151,420,72.59,80],"area":5807.2,"segmentation":[],"iscrowd":0},{"id":215,"image_id":183,"category_id":2,"bbox":[891,810,102.69,113.33],"area":11637.858,"segmentation":[],"iscrowd":0},{"id":216,"image_id":184,"category_id":1,"bbox":[998,533,142.63,90],"area":12836.7,"segmentation":[],"iscrowd":0},{"id":217,"image_id":185,"category_id":1,"bbox":[918,497,142.66,80],"area":11412.8,"segmentation":[],"iscrowd":0},{"id":218,"image_id":186,"category_id":2,"bbox":[881,460,109.36,100],"area":10936,"segmentation":[],"iscrowd":0},{"id":219,"image_id":187,"category_id":1,"bbox":[512,860,159,105],"area":16695,"segmentation":[],"iscrowd":0},{"id":220,"image_id":188,"category_id":2,"bbox":[998,310,92.65,113.33],"area":10500.025,"segmentation":[],"iscrowd":0},{"id":221,"image_id":188,"category_id":2,"bbox":[1198,20,92.56,76.67],"area":7096.575,"segmentation":[],"iscrowd":0},{"id":222,"image_id":189,"category_id":1,"bbox":[848,360,109.38,160],"area":17500.8,"segmentation":[],"iscrowd":0},{"id":223,"image_id":190,"category_id":1,"bbox":[981,400,99.32,126.67],"area":12580.864,"segmentation":[],"iscrowd":0},{"id":224,"image_id":191,"category_id":1,"bbox":[260,326,77.26,65],"area":5021.9,"segmentation":[],"iscrowd":0},{"id":225,"image_id":192,"category_id":2,"bbox":[875,357,109.36,123.33],"area":13487.369,"segmentation":[],"iscrowd":0},{"id":226,"image_id":193,"category_id":1,"bbox":[1011,493,69.32,130],"area":9011.6,"segmentation":[],"iscrowd":0},{"id":227,"image_id":194,"category_id":1,"bbox":[83,333,88.58,73.75],"area":6532.775,"segmentation":[],"iscrowd":0},{"id":228,"image_id":195,"category_id":1,"bbox":[289,128,90.99,75],"area":6824.25,"segmentation":[],"iscrowd":0},{"id":229,"image_id":196,"category_id":2,"bbox":[805,530,99.4,106.67],"area":10602.998,"segmentation":[],"iscrowd":0},{"id":230,"image_id":197,"category_id":1,"bbox":[981,393,79.33,126.67],"area":10048.731,"segmentation":[],"iscrowd":0},{"id":231,"image_id":198,"category_id":1,"bbox":[1048,393,65.97,183.33],"area":12094.28,"segmentation":[],"iscrowd":0},{"id":232,"image_id":199,"category_id":1,"bbox":[941,407,112.67,123.33],"area":13895.591,"segmentation":[],"iscrowd":0},{"id":233,"image_id":200,"category_id":2,"bbox":[1078,280,109.27,103.33],"area":11290.869,"segmentation":[],"iscrowd":0},{"id":234,"image_id":200,"category_id":2,"bbox":[825,633,132.71,106.67],"area":14156.176,"segmentation":[],"iscrowd":0},{"id":235,"image_id":201,"category_id":1,"bbox":[945,473,99.34,86.67],"area":8609.798,"segmentation":[],"iscrowd":0},{"id":236,"image_id":202,"category_id":1,"bbox":[228,104,89.76,91.25],"area":8190.6,"segmentation":[],"iscrowd":0},{"id":237,"image_id":203,"category_id":2,"bbox":[795,397,166.04,133.33],"area":22138.113,"segmentation":[],"iscrowd":0},{"id":238,"image_id":204,"category_id":2,"bbox":[1095,500,125.92,73.33],"area":9233.714,"segmentation":[],"iscrowd":0},{"id":239,"image_id":204,"category_id":2,"bbox":[758,760,122.74,73.33],"area":9000.524,"segmentation":[],"iscrowd":0},{"id":240,"image_id":205,"category_id":1,"bbox":[1047,458,71.18,60.85],"area":4331.303,"segmentation":[],"iscrowd":0},{"id":241,"image_id":206,"category_id":2,"bbox":[209,181,200.97,167.5],"area":33662.475,"segmentation":[],"iscrowd":0},{"id":242,"image_id":207,"category_id":2,"bbox":[898,513,99.36,80],"area":7948.8,"segmentation":[],"iscrowd":0},{"id":243,"image_id":207,"category_id":2,"bbox":[685,840,126.11,93.33],"area":11769.846,"segmentation":[],"iscrowd":0},{"id":244,"image_id":208,"category_id":1,"bbox":[1118,477,89.26,143.33],"area":12793.636,"segmentation":[],"iscrowd":0},{"id":245,"image_id":209,"category_id":2,"bbox":[1358,460,135.8,136.67],"area":18559.786,"segmentation":[],"iscrowd":0},{"id":246,"image_id":209,"category_id":2,"bbox":[885,487,139.35,96.67],"area":13470.965,"segmentation":[],"iscrowd":0},{"id":247,"image_id":209,"category_id":2,"bbox":[121,557,140.25,83.33],"area":11687.032,"segmentation":[],"iscrowd":0},{"id":248,"image_id":210,"category_id":1,"bbox":[268,119,78.5,81.25],"area":6378.125,"segmentation":[],"iscrowd":0},{"id":249,"image_id":211,"category_id":1,"bbox":[78,203,49.85,60],"area":2991,"segmentation":[],"iscrowd":0},{"id":250,"image_id":212,"category_id":1,"bbox":[79,210,52.35,58.75],"area":3075.563,"segmentation":[],"iscrowd":0},{"id":251,"image_id":213,"category_id":2,"bbox":[98,191,126.39,82.5],"area":10427.175,"segmentation":[],"iscrowd":0},{"id":252,"image_id":214,"category_id":2,"bbox":[1361,507,142.46,93.33],"area":13295.792,"segmentation":[],"iscrowd":0},{"id":253,"image_id":214,"category_id":2,"bbox":[921,513,122.67,80],"area":9813.6,"segmentation":[],"iscrowd":0},{"id":254,"image_id":215,"category_id":2,"bbox":[312,208,137.21,130],"area":17837.3,"segmentation":[],"iscrowd":0},{"id":255,"image_id":216,"category_id":1,"bbox":[1028,413,92.64,86.67],"area":8029.109,"segmentation":[],"iscrowd":0},{"id":256,"image_id":217,"category_id":2,"bbox":[1455,353,102.44,66.67],"area":6829.675,"segmentation":[],"iscrowd":0},{"id":257,"image_id":217,"category_id":2,"bbox":[708,443,146.09,73.33],"area":10712.78,"segmentation":[],"iscrowd":0},{"id":258,"image_id":218,"category_id":1,"bbox":[68,189,66.1,81.25],"area":5370.625,"segmentation":[],"iscrowd":0},{"id":259,"image_id":219,"category_id":1,"bbox":[239,221,66.02,66.25],"area":4373.825,"segmentation":[],"iscrowd":0},{"id":260,"image_id":220,"category_id":1,"bbox":[951,420,99.33,103.33],"area":10263.769,"segmentation":[],"iscrowd":0},{"id":261,"image_id":221,"category_id":1,"bbox":[985,437,119.31,86.67],"area":10340.598,"segmentation":[],"iscrowd":0},{"id":262,"image_id":222,"category_id":2,"bbox":[577,163,55,83],"area":4565,"segmentation":[],"iscrowd":0},{"id":263,"image_id":222,"category_id":2,"bbox":[89,183,172.29,118.75],"area":20459.438,"segmentation":[],"iscrowd":0},{"id":264,"image_id":223,"category_id":2,"bbox":[379,229,124.68,72.5],"area":9039.3,"segmentation":[],"iscrowd":0},{"id":265,"image_id":224,"category_id":2,"bbox":[332,213,150.94,118.75],"area":17924.125,"segmentation":[],"iscrowd":0},{"id":266,"image_id":225,"category_id":2,"bbox":[1388,393,112.46,83.33],"area":9371.292,"segmentation":[],"iscrowd":0},{"id":267,"image_id":225,"category_id":2,"bbox":[941,390,135.99,96.67],"area":13146.153,"segmentation":[],"iscrowd":0},{"id":268,"image_id":225,"category_id":2,"bbox":[161,473,126.35,120],"area":15162,"segmentation":[],"iscrowd":0},{"id":269,"image_id":226,"category_id":1,"bbox":[262,120,132.23,92.5],"area":12231.275,"segmentation":[],"iscrowd":0},{"id":270,"image_id":227,"category_id":1,"bbox":[267,168,115.99,70],"area":8119.3,"segmentation":[],"iscrowd":0},{"id":271,"image_id":228,"category_id":1,"bbox":[968,497,62.68,66.67],"area":4178.876,"segmentation":[],"iscrowd":0},{"id":272,"image_id":229,"category_id":1,"bbox":[260,85,103.49,85],"area":8796.65,"segmentation":[],"iscrowd":0},{"id":273,"image_id":230,"category_id":1,"bbox":[233,135,89.76,78.75],"area":7068.6,"segmentation":[],"iscrowd":0},{"id":274,"image_id":231,"category_id":1,"bbox":[915,460,102.68,116.67],"area":11979.676,"segmentation":[],"iscrowd":0},{"id":275,"image_id":232,"category_id":1,"bbox":[257,205,68.51,72.5],"area":4966.975,"segmentation":[],"iscrowd":0},{"id":276,"image_id":233,"category_id":2,"bbox":[235,171,169.73,147.5],"area":25035.175,"segmentation":[],"iscrowd":0},{"id":277,"image_id":234,"category_id":1,"bbox":[328,80,70.98,83.75],"area":5944.575,"segmentation":[],"iscrowd":0},{"id":278,"image_id":235,"category_id":2,"bbox":[305,219,175.23,77.5],"area":13580.325,"segmentation":[],"iscrowd":0},{"id":279,"image_id":236,"category_id":1,"bbox":[178,144,148.51,62.5],"area":9281.875,"segmentation":[],"iscrowd":0},{"id":280,"image_id":237,"category_id":1,"bbox":[309,186,65.99,68.75],"area":4536.813,"segmentation":[],"iscrowd":0},{"id":281,"image_id":238,"category_id":1,"bbox":[259,206,89.75,78.75],"area":7067.813,"segmentation":[],"iscrowd":0},{"id":282,"image_id":239,"category_id":1,"bbox":[945,480,79.35,90],"area":7141.5,"segmentation":[],"iscrowd":0},{"id":283,"image_id":240,"category_id":1,"bbox":[270,298,99.74,65],"area":6483.1,"segmentation":[],"iscrowd":0},{"id":284,"image_id":241,"category_id":1,"bbox":[184,158,83.54,98.75],"area":8249.575,"segmentation":[],"iscrowd":0},{"id":285,"image_id":242,"category_id":1,"bbox":[349,266,65.97,42.5],"area":2803.725,"segmentation":[],"iscrowd":0},{"id":286,"image_id":243,"category_id":1,"bbox":[233,280,72.27,57.5],"area":4155.525,"segmentation":[],"iscrowd":0},{"id":287,"image_id":244,"category_id":1,"bbox":[193,236,78.54,82.5],"area":6479.55,"segmentation":[],"iscrowd":0},{"id":288,"image_id":245,"category_id":1,"bbox":[305,209,88.48,62.5],"area":5530,"segmentation":[],"iscrowd":0},{"id":289,"image_id":246,"category_id":1,"bbox":[163,173,81.05,72.5],"area":5876.125,"segmentation":[],"iscrowd":0},{"id":290,"image_id":247,"category_id":1,"bbox":[345,156,69.72,76.25],"area":5316.15,"segmentation":[],"iscrowd":0},{"id":291,"image_id":248,"category_id":2,"bbox":[400,241,158.41,131.25],"area":20791.313,"segmentation":[],"iscrowd":0},{"id":292,"image_id":249,"category_id":1,"bbox":[150,129,133.91,75],"area":10043.25,"segmentation":[],"iscrowd":0},{"id":293,"image_id":250,"category_id":1,"bbox":[284,211,54.76,56.25],"area":3080.25,"segmentation":[],"iscrowd":0},{"id":294,"image_id":250,"category_id":1,"bbox":[264,261,61.01,46.25],"area":2821.713,"segmentation":[],"iscrowd":0},{"id":295,"image_id":251,"category_id":1,"bbox":[278,283,93.49,78.75],"area":7362.337,"segmentation":[],"iscrowd":0},{"id":296,"image_id":252,"category_id":1,"bbox":[228,180,182.22,92.5],"area":16855.35,"segmentation":[],"iscrowd":0},{"id":297,"image_id":253,"category_id":1,"bbox":[288,235,66,65],"area":4290,"segmentation":[],"iscrowd":0},{"id":298,"image_id":254,"category_id":1,"bbox":[288,108,99.73,92.5],"area":9225.025,"segmentation":[],"iscrowd":0},{"id":299,"image_id":255,"category_id":1,"bbox":[304,188,73.98,80],"area":5918.4,"segmentation":[],"iscrowd":0},{"id":300,"image_id":256,"category_id":1,"bbox":[174,206,61.42,87.5],"area":5374.25,"segmentation":[],"iscrowd":0},{"id":301,"image_id":257,"category_id":2,"bbox":[235,218,158.48,135],"area":21394.8,"segmentation":[],"iscrowd":0},{"id":302,"image_id":258,"category_id":2,"bbox":[309,261,191.48,117.5],"area":22498.9,"segmentation":[],"iscrowd":0},{"id":303,"image_id":259,"category_id":2,"bbox":[365,170,105.95,90],"area":9535.5,"segmentation":[],"iscrowd":0},{"id":304,"image_id":260,"category_id":2,"bbox":[290,263,167.72,118.75],"area":19916.75,"segmentation":[],"iscrowd":0},{"id":305,"image_id":261,"category_id":2,"bbox":[0,195,81.72,125],"area":10215,"segmentation":[],"iscrowd":0},{"id":306,"image_id":262,"category_id":2,"bbox":[915,497,146,146.67],"area":21413.82,"segmentation":[],"iscrowd":0},{"id":307,"image_id":263,"category_id":2,"bbox":[579,291,52.78,117.5],"area":6201.65,"segmentation":[],"iscrowd":0},{"id":308,"image_id":264,"category_id":2,"bbox":[29,199,150.1,131.25],"area":19700.625,"segmentation":[],"iscrowd":0}]}