{"info":{"year":"2025","version":"1","description":"Exported from roboflow.com","contributor":"","url":"https://public.roboflow.com/object-detection/undefined","date_created":"2025-03-14T07:40:45+00:00"},"licenses":[{"id":1,"url":"https://choosealicense.com/licenses/mit/","name":"MIT"}],"categories":[{"id":0,"name":"cable-damage-z5nlo-fsod-epij-epij","supercategory":"none"},{"id":1,"name":"break","supercategory":"cable-damage-z5nlo-fsod-epij-epij"},{"id":2,"name":"thunderbolt","supercategory":"cable-damage-z5nlo-fsod-epij-epij"}],"images":[{"id":0,"license":1,"file_name":"bandicam-2022-05-31-00-45-21-525_mp4-257_jpg.rf.20af93efd67d6533e90d76d7378bc3ce.jpg","height":480,"width":632,"date_captured":"2025-03-14T07:40:45+00:00","extra":{"name":"bandicam-2022-05-31-00-45-21-525_mp4-257_jpg"}},{"id":1,"license":1,"file_name":"IMG_6262_MOV-58_jpg.rf.206f279064616bb53b27e25e469c613e.jpg","height":1080,"width":1920,"date_captured":"2025-03-14T07:40:45+00:00","extra":{"name":"IMG_6262_MOV-58_jpg"}},{"id":2,"license":1,"file_name":"IMG_6272_MOV-5_jpg.rf.1ae3791d33d8c8853a7520a64eade1e7.jpg","height":1080,"width":1920,"date_captured":"2025-03-14T07:40:45+00:00","extra":{"name":"IMG_6272_MOV-5_jpg"}},{"id":3,"license":1,"file_name":"bandicam-2022-05-31-00-53-28-784_mp4-40_jpg.rf.436a60568dec9357c80d24d1af275766.jpg","height":480,"width":632,"date_captured":"2025-03-14T07:40:45+00:00","extra":{"name":"bandicam-2022-05-31-00-53-28-784_mp4-40_jpg"}},{"id":4,"license":1,"file_name":"9-_png_jpg.rf.01f3ef108a21265c7b18f270882217fe.jpg","height":1146,"width":1528,"date_captured":"2025-03-14T07:40:45+00:00","extra":{"name":"9-_png_jpg"}},{"id":5,"license":1,"file_name":"IMG_6271_MOV-19_jpg.rf.07ed649dbc0b4c10b55995769a8bff29.jpg","height":1080,"width":1920,"date_captured":"2025-03-14T07:40:45+00:00","extra":{"name":"IMG_6271_MOV-19_jpg"}},{"id":6,"license":1,"file_name":"IMG_6262_MOV-50_jpg.rf.9d4081d56619f00c4b82c6f8ab3952da.jpg","height":1080,"width":1920,"date_captured":"2025-03-14T07:40:45+00:00","extra":{"name":"IMG_6262_MOV-50_jpg"}},{"id":7,"license":1,"file_name":"IMG_6271_MOV-26_jpg.rf.a578c13ffeb476d458c8af7597a6c4ab.jpg","height":1080,"width":1920,"date_captured":"2025-03-14T07:40:45+00:00","extra":{"name":"IMG_6271_MOV-26_jpg"}},{"id":8,"license":1,"file_name":"bandicam-2022-05-31-00-57-58-083_mp4-17_jpg.rf.dd0af8aac8a20468f7f17a90fcec6a7f.jpg","height":480,"width":632,"date_captured":"2025-03-14T07:40:45+00:00","extra":{"name":"bandicam-2022-05-31-00-57-58-083_mp4-17_jpg"}},{"id":9,"license":1,"file_name":"IMG_6262_MOV-43_jpg.rf.4589c4446465145c8016f55afc7b5849.jpg","height":1080,"width":1920,"date_captured":"2025-03-14T07:40:45+00:00","extra":{"name":"IMG_6262_MOV-43_jpg"}},{"id":10,"license":1,"file_name":"31_png_jpg.rf.d4812bb4dd7dc1ef1868410e9365df1c.jpg","height":2624,"width":2624,"date_captured":"2025-03-14T07:40:45+00:00","extra":{"name":"31_png_jpg"}},{"id":11,"license":1,"file_name":"bandicam-2022-05-31-00-59-19-612_mp4-71_jpg.rf.e1688ef7c1f12d731364a94b5d02e78a.jpg","height":480,"width":632,"date_captured":"2025-03-14T07:40:45+00:00","extra":{"name":"bandicam-2022-05-31-00-59-19-612_mp4-71_jpg"}},{"id":12,"license":1,"file_name":"bandicam-2022-05-31-00-48-19-946_mp4-88_jpg.rf.b928819c519f88fddf19b13e4dfa268f.jpg","height":480,"width":632,"date_captured":"2025-03-14T07:40:45+00:00","extra":{"name":"bandicam-2022-05-31-00-48-19-946_mp4-88_jpg"}},{"id":13,"license":1,"file_name":"bandicam-2022-05-31-00-48-19-946_mp4-96_jpg.rf.ba581512931dcceb5dbf9100d886689d.jpg","height":480,"width":632,"date_captured":"2025-03-14T07:40:45+00:00","extra":{"name":"bandicam-2022-05-31-00-48-19-946_mp4-96_jpg"}},{"id":14,"license":1,"file_name":"bandicam-2022-05-31-01-00-01-863_mp4-76_jpg.rf.b05f692ed7c514899abf55eb9f6e64ca.jpg","height":480,"width":632,"date_captured":"2025-03-14T07:40:45+00:00","extra":{"name":"bandicam-2022-05-31-01-00-01-863_mp4-76_jpg"}},{"id":15,"license":1,"file_name":"IMG_6259_MOV-16_jpg.rf.3dfc8e461920d7cdffc8aab3736ae373.jpg","height":1080,"width":1920,"date_captured":"2025-03-14T07:40:45+00:00","extra":{"name":"IMG_6259_MOV-16_jpg"}},{"id":16,"license":1,"file_name":"bandicam-2022-05-31-00-57-58-083_mp4-86_jpg.rf.80d44045a1f7273573dff37681c09eda.jpg","height":480,"width":632,"date_captured":"2025-03-14T07:40:45+00:00","extra":{"name":"bandicam-2022-05-31-00-57-58-083_mp4-86_jpg"}},{"id":17,"license":1,"file_name":"2_png_jpg.rf.6625b283823382fa24d1a9de5363233a.jpg","height":2624,"width":2624,"date_captured":"2025-03-14T07:40:45+00:00","extra":{"name":"2_png_jpg"}},{"id":18,"license":1,"file_name":"21_png_jpg.rf.de8ec40660e149e8e6d8ec3190052b81.jpg","height":2624,"width":2624,"date_captured":"2025-03-14T07:40:45+00:00","extra":{"name":"21_png_jpg"}},{"id":19,"license":1,"file_name":"IMG_6258_MOV-9_jpg.rf.d2d26dbaeb2280b0082f9f44e2269929.jpg","height":1920,"width":1080,"date_captured":"2025-03-14T07:40:45+00:00","extra":{"name":"IMG_6258_MOV-9_jpg"}}],"annotations":[{"id":0,"image_id":0,"category_id":1,"bbox":[332,98,49,75],"area":3675,"segmentation":[],"iscrowd":0},{"id":1,"image_id":1,"category_id":1,"bbox":[817,472,77,87],"area":6699,"segmentation":[],"iscrowd":0},{"id":2,"image_id":2,"category_id":1,"bbox":[908,457,52,116],"area":6032,"segmentation":[],"iscrowd":0},{"id":3,"image_id":3,"category_id":2,"bbox":[70,204,178,138],"area":24564,"segmentation":[],"iscrowd":0},{"id":4,"image_id":4,"category_id":2,"bbox":[526,438,414,207],"area":85698,"segmentation":[],"iscrowd":0},{"id":5,"image_id":5,"category_id":2,"bbox":[868,449,114,137],"area":15618,"segmentation":[],"iscrowd":0},{"id":6,"image_id":6,"category_id":1,"bbox":[851,520,96,106],"area":10176,"segmentation":[],"iscrowd":0},{"id":7,"image_id":7,"category_id":2,"bbox":[861,410,152,146],"area":22192,"segmentation":[],"iscrowd":0},{"id":8,"image_id":8,"category_id":2,"bbox":[162,158,127,80],"area":10160,"segmentation":[],"iscrowd":0},{"id":9,"image_id":9,"category_id":1,"bbox":[726,367,51,59],"area":3009,"segmentation":[],"iscrowd":0},{"id":10,"image_id":10,"category_id":1,"bbox":[1176,1227,342,133],"area":45486,"segmentation":[],"iscrowd":0},{"id":11,"image_id":11,"category_id":2,"bbox":[232,272,112,103],"area":11536,"segmentation":[],"iscrowd":0},{"id":12,"image_id":12,"category_id":1,"bbox":[375,170,75,47],"area":3525,"segmentation":[],"iscrowd":0},{"id":13,"image_id":13,"category_id":1,"bbox":[295,223,66,65],"area":4290,"segmentation":[],"iscrowd":0},{"id":14,"image_id":14,"category_id":2,"bbox":[562,224,70,68],"area":4760,"segmentation":[],"iscrowd":0},{"id":15,"image_id":15,"category_id":2,"bbox":[851,503,121,133],"area":16093,"segmentation":[],"iscrowd":0},{"id":16,"image_id":16,"category_id":2,"bbox":[79,195,111,66],"area":7326,"segmentation":[],"iscrowd":0},{"id":17,"image_id":17,"category_id":1,"bbox":[1228,1380,235,167],"area":39245,"segmentation":[],"iscrowd":0},{"id":18,"image_id":18,"category_id":1,"bbox":[1130,1431,185,111],"area":20535,"segmentation":[],"iscrowd":0},{"id":19,"image_id":19,"category_id":2,"bbox":[431,929,159,146],"area":23214,"segmentation":[],"iscrowd":0}]}